mmwr_week,week,week_start,week_end,season,data_source,essence_category,respiratory_category,visit_type,demographic_category,demographic_group,percent,current_week_ending
201540,40,10/04/2015,10/10/2015,2015-2016,ESSENCE,CDC Influenza DD v1,Influenza,ED Visits,ALL,ALL,0.00,10/05/2024
201541,41,10/11/2015,10/17/2015,2015-2016,ESSENCE,CDC Influenza DD v1,Influenza,ED Visits,ALL,ALL,0.00,10/12/2024
201542,42,10/18/2015,10/24/2015,2015-2016,ESSENCE,CDC Influenza DD v1,Influenza,ED Visits,ALL,ALL,0.00,10/19/2024
201543,43,10/25/2015,10/31/2015,2015-2016,ESSENCE,CDC Influenza DD v1,Influenza,ED Visits,ALL,ALL,0.00,10/26/2024
201544,44,11/01/2015,11/07/2015,2015-2016,ESSENCE,CDC Influenza DD v1,Influenza,ED Visits,ALL,ALL,0.00,11/02/2024
201545,45,11/08/2015,11/14/2015,2015-2016,ESSENCE,CDC Influenza DD v1,Influenza,ED Visits,ALL,ALL,0.00,11/09/2024
201546,46,11/15/2015,11/21/2015,2015-2016,ESSENCE,CDC Influenza DD v1,Influenza,ED Visits,ALL,ALL,0.00,11/16/2024
201547,47,11/22/2015,11/28/2015,2015-2016,ESSENCE,CDC Influenza DD v1,Influenza,ED Visits,ALL,ALL,0.00,11/23/2024
201548,48,11/29/2015,12/05/2015,2015-2016,ESSENCE,CDC Influenza DD v1,Influenza,ED Visits,ALL,ALL,0.00,11/30/2024
201549,49,12/06/2015,12/12/2015,2015-2016,ESSENCE,CDC Influenza DD v1,Influenza,ED Visits,ALL,ALL,0.00,12/07/2024
201550,50,12/13/2015,12/19/2015,2015-2016,ESSENCE,CDC Influenza DD v1,Influenza,ED Visits,ALL,ALL,0.00,12/14/2024
201551,51,12/20/2015,12/26/2015,2015-2016,ESSENCE,CDC Influenza DD v1,Influenza,ED Visits,ALL,ALL,0.00,12/21/2024
201552,52,12/27/2015,01/02/2016,2015-2016,ESSENCE,CDC Influenza DD v1,Influenza,ED Visits,ALL,ALL,0.00,12/28/2024
201601,1,01/03/2016,01/09/2016,2015-2016,ESSENCE,CDC Influenza DD v1,Influenza,ED Visits,ALL,ALL,0.00,01/04/2025
201602,2,01/10/2016,01/16/2016,2015-2016,ESSENCE,CDC Influenza DD v1,Influenza,ED Visits,ALL,ALL,0.00,01/11/2025
201603,3,01/17/2016,01/23/2016,2015-2016,ESSENCE,CDC Influenza DD v1,Influenza,ED Visits,ALL,ALL,0.00,01/18/2025
201604,4,01/24/2016,01/30/2016,2015-2016,ESSENCE,CDC Influenza DD v1,Influenza,ED Visits,ALL,ALL,0.00,01/25/2025
201605,5,01/31/2016,02/06/2016,2015-2016,ESSENCE,CDC Influenza DD v1,Influenza,ED Visits,ALL,ALL,0.00,02/01/2025
201606,6,02/07/2016,02/13/2016,2015-2016,ESSENCE,CDC Influenza DD v1,Influenza,ED Visits,ALL,ALL,0.01,02/08/2025
201607,7,02/14/2016,02/20/2016,2015-2016,ESSENCE,CDC Influenza DD v1,Influenza,ED Visits,ALL,ALL,0.01,02/15/2025
201608,8,02/21/2016,02/27/2016,2015-2016,ESSENCE,CDC Influenza DD v1,Influenza,ED Visits,ALL,ALL,0.01,02/22/2025
201609,9,02/28/2016,03/05/2016,2015-2016,ESSENCE,CDC Influenza DD v1,Influenza,ED Visits,ALL,ALL,0.01,03/01/2025
201610,10,03/06/2016,03/12/2016,2015-2016,ESSENCE,CDC Influenza DD v1,Influenza,ED Visits,ALL,ALL,0.01,03/08/2025
201611,11,03/13/2016,03/19/2016,2015-2016,ESSENCE,CDC Influenza DD v1,Influenza,ED Visits,ALL,ALL,0.01,03/15/2025
201612,12,03/20/2016,03/26/2016,2015-2016,ESSENCE,CDC Influenza DD v1,Influenza,ED Visits,ALL,ALL,0.00,03/22/2025
201613,13,03/27/2016,04/02/2016,2015-2016,ESSENCE,CDC Influenza DD v1,Influenza,ED Visits,ALL,ALL,0.00,03/29/2025
201614,14,04/03/2016,04/09/2016,2015-2016,ESSENCE,CDC Influenza DD v1,Influenza,ED Visits,ALL,ALL,0.00,04/05/2025
201615,15,04/10/2016,04/16/2016,2015-2016,ESSENCE,CDC Influenza DD v1,Influenza,ED Visits,ALL,ALL,0.00,04/12/2025
201616,16,04/17/2016,04/23/2016,2015-2016,ESSENCE,CDC Influenza DD v1,Influenza,ED Visits,ALL,ALL,0.00,04/19/2025
201617,17,04/24/2016,04/30/2016,2015-2016,ESSENCE,CDC Influenza DD v1,Influenza,ED Visits,ALL,ALL,0.00,04/26/2025
201618,18,05/01/2016,05/07/2016,2015-2016,ESSENCE,CDC Influenza DD v1,Influenza,ED Visits,ALL,ALL,0.00,05/03/2025
201619,19,05/08/2016,05/14/2016,2015-2016,ESSENCE,CDC Influenza DD v1,Influenza,ED Visits,ALL,ALL,0.00,05/10/2025
201620,20,05/15/2016,05/21/2016,2015-2016,ESSENCE,CDC Influenza DD v1,Influenza,ED Visits,ALL,ALL,0.00,05/17/2025
201621,21,05/22/2016,05/28/2016,2015-2016,ESSENCE,CDC Influenza DD v1,Influenza,ED Visits,ALL,ALL,0.00,05/24/2025
201622,22,05/29/2016,06/04/2016,2015-2016,ESSENCE,CDC Influenza DD v1,Influenza,ED Visits,ALL,ALL,0.00,05/31/2025
201623,23,06/05/2016,06/11/2016,2015-2016,ESSENCE,CDC Influenza DD v1,Influenza,ED Visits,ALL,ALL,0.00,06/07/2025
201624,24,06/12/2016,06/18/2016,2015-2016,ESSENCE,CDC Influenza DD v1,Influenza,ED Visits,ALL,ALL,0.00,06/14/2025
201625,25,06/19/2016,06/25/2016,2015-2016,ESSENCE,CDC Influenza DD v1,Influenza,ED Visits,ALL,ALL,0.00,06/21/2025
201626,26,06/26/2016,07/02/2016,2015-2016,ESSENCE,CDC Influenza DD v1,Influenza,ED Visits,ALL,ALL,0.00,06/28/2025
201627,27,07/03/2016,07/09/2016,2015-2016,ESSENCE,CDC Influenza DD v1,Influenza,ED Visits,ALL,ALL,0.00,07/05/2025
201628,28,07/10/2016,07/16/2016,2015-2016,ESSENCE,CDC Influenza DD v1,Influenza,ED Visits,ALL,ALL,0.00,07/12/2025
201629,29,07/17/2016,07/23/2016,2015-2016,ESSENCE,CDC Influenza DD v1,Influenza,ED Visits,ALL,ALL,0.00,07/19/2025
201630,30,07/24/2016,07/30/2016,2015-2016,ESSENCE,CDC Influenza DD v1,Influenza,ED Visits,ALL,ALL,0.00,07/26/2025
201631,31,07/31/2016,08/06/2016,2015-2016,ESSENCE,CDC Influenza DD v1,Influenza,ED Visits,ALL,ALL,0.00,08/02/2025
201632,32,08/07/2016,08/13/2016,2015-2016,ESSENCE,CDC Influenza DD v1,Influenza,ED Visits,ALL,ALL,0.00,08/09/2025
201633,33,08/14/2016,08/20/2016,2015-2016,ESSENCE,CDC Influenza DD v1,Influenza,ED Visits,ALL,ALL,0.00,08/16/2025
201634,34,08/21/2016,08/27/2016,2015-2016,ESSENCE,CDC Influenza DD v1,Influenza,ED Visits,ALL,ALL,0.00,08/23/2025
201635,35,08/28/2016,09/03/2016,2015-2016,ESSENCE,CDC Influenza DD v1,Influenza,ED Visits,ALL,ALL,0.00,08/30/2025
201636,36,09/04/2016,09/10/2016,2015-2016,ESSENCE,CDC Influenza DD v1,Influenza,ED Visits,ALL,ALL,0.00,09/06/2025
201637,37,09/11/2016,09/17/2016,2015-2016,ESSENCE,CDC Influenza DD v1,Influenza,ED Visits,ALL,ALL,0.00,09/13/2025
201638,38,09/18/2016,09/24/2016,2015-2016,ESSENCE,CDC Influenza DD v1,Influenza,ED Visits,ALL,ALL,0.00,09/20/2025
201639,39,09/25/2016,10/01/2016,2015-2016,ESSENCE,CDC Influenza DD v1,Influenza,ED Visits,ALL,ALL,0.00,09/27/2025
201640,40,10/02/2016,10/08/2016,2016-2017,ESSENCE,CDC Influenza DD v1,Influenza,ED Visits,ALL,ALL,0.00,10/05/2024
201641,41,10/09/2016,10/15/2016,2016-2017,ESSENCE,CDC Influenza DD v1,Influenza,ED Visits,ALL,ALL,0.00,10/12/2024
201642,42,10/16/2016,10/22/2016,2016-2017,ESSENCE,CDC Influenza DD v1,Influenza,ED Visits,ALL,ALL,0.00,10/19/2024
201643,43,10/23/2016,10/29/2016,2016-2017,ESSENCE,CDC Influenza DD v1,Influenza,ED Visits,ALL,ALL,0.00,10/26/2024
201644,44,10/30/2016,11/05/2016,2016-2017,ESSENCE,CDC Influenza DD v1,Influenza,ED Visits,ALL,ALL,0.00,11/02/2024
201645,45,11/06/2016,11/12/2016,2016-2017,ESSENCE,CDC Influenza DD v1,Influenza,ED Visits,ALL,ALL,0.00,11/09/2024
201646,46,11/13/2016,11/19/2016,2016-2017,ESSENCE,CDC Influenza DD v1,Influenza,ED Visits,ALL,ALL,0.00,11/16/2024
201647,47,11/20/2016,11/26/2016,2016-2017,ESSENCE,CDC Influenza DD v1,Influenza,ED Visits,ALL,ALL,0.00,11/23/2024
201648,48,11/27/2016,12/03/2016,2016-2017,ESSENCE,CDC Influenza DD v1,Influenza,ED Visits,ALL,ALL,0.00,11/30/2024
201649,49,12/04/2016,12/10/2016,2016-2017,ESSENCE,CDC Influenza DD v1,Influenza,ED Visits,ALL,ALL,0.00,12/07/2024
201650,50,12/11/2016,12/17/2016,2016-2017,ESSENCE,CDC Influenza DD v1,Influenza,ED Visits,ALL,ALL,0.00,12/14/2024
201651,51,12/18/2016,12/24/2016,2016-2017,ESSENCE,CDC Influenza DD v1,Influenza,ED Visits,ALL,ALL,0.00,12/21/2024
201652,52,12/25/2016,12/31/2016,2016-2017,ESSENCE,CDC Influenza DD v1,Influenza,ED Visits,ALL,ALL,0.00,12/28/2024
201701,1,01/01/2017,01/07/2017,2016-2017,ESSENCE,CDC Influenza DD v1,Influenza,ED Visits,ALL,ALL,0.00,01/04/2025
201702,2,01/08/2017,01/14/2017,2016-2017,ESSENCE,CDC Influenza DD v1,Influenza,ED Visits,ALL,ALL,0.00,01/11/2025
201703,3,01/15/2017,01/21/2017,2016-2017,ESSENCE,CDC Influenza DD v1,Influenza,ED Visits,ALL,ALL,0.01,01/18/2025
201704,4,01/22/2017,01/28/2017,2016-2017,ESSENCE,CDC Influenza DD v1,Influenza,ED Visits,ALL,ALL,0.01,01/25/2025
201705,5,01/29/2017,02/04/2017,2016-2017,ESSENCE,CDC Influenza DD v1,Influenza,ED Visits,ALL,ALL,0.01,02/01/2025
201706,6,02/05/2017,02/11/2017,2016-2017,ESSENCE,CDC Influenza DD v1,Influenza,ED Visits,ALL,ALL,0.01,02/08/2025
201707,7,02/12/2017,02/18/2017,2016-2017,ESSENCE,CDC Influenza DD v1,Influenza,ED Visits,ALL,ALL,0.02,02/15/2025
201708,8,02/19/2017,02/25/2017,2016-2017,ESSENCE,CDC Influenza DD v1,Influenza,ED Visits,ALL,ALL,0.02,02/22/2025
201709,9,02/26/2017,03/04/2017,2016-2017,ESSENCE,CDC Influenza DD v1,Influenza,ED Visits,ALL,ALL,0.02,03/01/2025
201710,10,03/05/2017,03/11/2017,2016-2017,ESSENCE,CDC Influenza DD v1,Influenza,ED Visits,ALL,ALL,0.01,03/08/2025
201711,11,03/12/2017,03/18/2017,2016-2017,ESSENCE,CDC Influenza DD v1,Influenza,ED Visits,ALL,ALL,0.01,03/15/2025
201712,12,03/19/2017,03/25/2017,2016-2017,ESSENCE,CDC Influenza DD v1,Influenza,ED Visits,ALL,ALL,0.01,03/22/2025
201713,13,03/26/2017,04/01/2017,2016-2017,ESSENCE,CDC Influenza DD v1,Influenza,ED Visits,ALL,ALL,0.01,03/29/2025
201714,14,04/02/2017,04/08/2017,2016-2017,ESSENCE,CDC Influenza DD v1,Influenza,ED Visits,ALL,ALL,0.01,04/05/2025
201715,15,04/09/2017,04/15/2017,2016-2017,ESSENCE,CDC Influenza DD v1,Influenza,ED Visits,ALL,ALL,0.01,04/12/2025
201716,16,04/16/2017,04/22/2017,2016-2017,ESSENCE,CDC Influenza DD v1,Influenza,ED Visits,ALL,ALL,0.00,04/19/2025
201717,17,04/23/2017,04/29/2017,2016-2017,ESSENCE,CDC Influenza DD v1,Influenza,ED Visits,ALL,ALL,0.00,04/26/2025
201718,18,04/30/2017,05/06/2017,2016-2017,ESSENCE,CDC Influenza DD v1,Influenza,ED Visits,ALL,ALL,0.00,05/03/2025
201719,19,05/07/2017,05/13/2017,2016-2017,ESSENCE,CDC Influenza DD v1,Influenza,ED Visits,ALL,ALL,0.00,05/10/2025
201720,20,05/14/2017,05/20/2017,2016-2017,ESSENCE,CDC Influenza DD v1,Influenza,ED Visits,ALL,ALL,0.00,05/17/2025
201721,21,05/21/2017,05/27/2017,2016-2017,ESSENCE,CDC Influenza DD v1,Influenza,ED Visits,ALL,ALL,0.00,05/24/2025
201722,22,05/28/2017,06/03/2017,2016-2017,ESSENCE,CDC Influenza DD v1,Influenza,ED Visits,ALL,ALL,0.00,05/31/2025
201723,23,06/04/2017,06/10/2017,2016-2017,ESSENCE,CDC Influenza DD v1,Influenza,ED Visits,ALL,ALL,0.00,06/07/2025
201724,24,06/11/2017,06/17/2017,2016-2017,ESSENCE,CDC Influenza DD v1,Influenza,ED Visits,ALL,ALL,0.00,06/14/2025
201725,25,06/18/2017,06/24/2017,2016-2017,ESSENCE,CDC Influenza DD v1,Influenza,ED Visits,ALL,ALL,0.00,06/21/2025
201726,26,06/25/2017,07/01/2017,2016-2017,ESSENCE,CDC Influenza DD v1,Influenza,ED Visits,ALL,ALL,0.00,06/28/2025
201727,27,07/02/2017,07/08/2017,2016-2017,ESSENCE,CDC Influenza DD v1,Influenza,ED Visits,ALL,ALL,0.00,07/05/2025
201728,28,07/09/2017,07/15/2017,2016-2017,ESSENCE,CDC Influenza DD v1,Influenza,ED Visits,ALL,ALL,0.00,07/12/2025
201729,29,07/16/2017,07/22/2017,2016-2017,ESSENCE,CDC Influenza DD v1,Influenza,ED Visits,ALL,ALL,0.00,07/19/2025
201730,30,07/23/2017,07/29/2017,2016-2017,ESSENCE,CDC Influenza DD v1,Influenza,ED Visits,ALL,ALL,0.00,07/26/2025
201731,31,07/30/2017,08/05/2017,2016-2017,ESSENCE,CDC Influenza DD v1,Influenza,ED Visits,ALL,ALL,0.00,08/02/2025
201732,32,08/06/2017,08/12/2017,2016-2017,ESSENCE,CDC Influenza DD v1,Influenza,ED Visits,ALL,ALL,0.00,08/09/2025
201733,33,08/13/2017,08/19/2017,2016-2017,ESSENCE,CDC Influenza DD v1,Influenza,ED Visits,ALL,ALL,0.00,08/16/2025
201734,34,08/20/2017,08/26/2017,2016-2017,ESSENCE,CDC Influenza DD v1,Influenza,ED Visits,ALL,ALL,0.00,08/23/2025
201735,35,08/27/2017,09/02/2017,2016-2017,ESSENCE,CDC Influenza DD v1,Influenza,ED Visits,ALL,ALL,0.00,08/30/2025
201736,36,09/03/2017,09/09/2017,2016-2017,ESSENCE,CDC Influenza DD v1,Influenza,ED Visits,ALL,ALL,0.00,09/06/2025
201737,37,09/10/2017,09/16/2017,2016-2017,ESSENCE,CDC Influenza DD v1,Influenza,ED Visits,ALL,ALL,0.00,09/13/2025
201738,38,09/17/2017,09/23/2017,2016-2017,ESSENCE,CDC Influenza DD v1,Influenza,ED Visits,ALL,ALL,0.00,09/20/2025
201739,39,09/24/2017,09/30/2017,2016-2017,ESSENCE,CDC Influenza DD v1,Influenza,ED Visits,ALL,ALL,0.00,09/27/2025
201740,40,10/01/2017,10/07/2017,2017-2018,ESSENCE,CDC Influenza DD v1,Influenza,ED Visits,ALL,ALL,0.00,10/05/2024
201741,41,10/08/2017,10/14/2017,2017-2018,ESSENCE,CDC Influenza DD v1,Influenza,ED Visits,ALL,ALL,0.00,10/12/2024
201742,42,10/15/2017,10/21/2017,2017-2018,ESSENCE,CDC Influenza DD v1,Influenza,ED Visits,ALL,ALL,0.00,10/19/2024
201743,43,10/22/2017,10/28/2017,2017-2018,ESSENCE,CDC Influenza DD v1,Influenza,ED Visits,ALL,ALL,0.00,10/26/2024
201744,44,10/29/2017,11/04/2017,2017-2018,ESSENCE,CDC Influenza DD v1,Influenza,ED Visits,ALL,ALL,0.00,11/02/2024
201745,45,11/05/2017,11/11/2017,2017-2018,ESSENCE,CDC Influenza DD v1,Influenza,ED Visits,ALL,ALL,0.00,11/09/2024
201746,46,11/12/2017,11/18/2017,2017-2018,ESSENCE,CDC Influenza DD v1,Influenza,ED Visits,ALL,ALL,0.00,11/16/2024
201747,47,11/19/2017,11/25/2017,2017-2018,ESSENCE,CDC Influenza DD v1,Influenza,ED Visits,ALL,ALL,0.00,11/23/2024
201748,48,11/26/2017,12/02/2017,2017-2018,ESSENCE,CDC Influenza DD v1,Influenza,ED Visits,ALL,ALL,0.00,11/30/2024
201749,49,12/03/2017,12/09/2017,2017-2018,ESSENCE,CDC Influenza DD v1,Influenza,ED Visits,ALL,ALL,0.00,12/07/2024
201750,50,12/10/2017,12/16/2017,2017-2018,ESSENCE,CDC Influenza DD v1,Influenza,ED Visits,ALL,ALL,0.01,12/14/2024
201751,51,12/17/2017,12/23/2017,2017-2018,ESSENCE,CDC Influenza DD v1,Influenza,ED Visits,ALL,ALL,0.02,12/21/2024
201752,52,12/24/2017,12/30/2017,2017-2018,ESSENCE,CDC Influenza DD v1,Influenza,ED Visits,ALL,ALL,0.04,12/28/2024
201801,1,12/31/2017,01/06/2018,2017-2018,ESSENCE,CDC Influenza DD v1,Influenza,ED Visits,ALL,ALL,0.04,01/04/2025
201802,2,01/07/2018,01/13/2018,2017-2018,ESSENCE,CDC Influenza DD v1,Influenza,ED Visits,ALL,ALL,0.04,01/11/2025
201803,3,01/14/2018,01/20/2018,2017-2018,ESSENCE,CDC Influenza DD v1,Influenza,ED Visits,ALL,ALL,0.04,01/18/2025
201804,4,01/21/2018,01/27/2018,2017-2018,ESSENCE,CDC Influenza DD v1,Influenza,ED Visits,ALL,ALL,0.05,01/25/2025
201805,5,01/28/2018,02/03/2018,2017-2018,ESSENCE,CDC Influenza DD v1,Influenza,ED Visits,ALL,ALL,0.05,02/01/2025
201806,6,02/04/2018,02/10/2018,2017-2018,ESSENCE,CDC Influenza DD v1,Influenza,ED Visits,ALL,ALL,0.04,02/08/2025
201807,7,02/11/2018,02/17/2018,2017-2018,ESSENCE,CDC Influenza DD v1,Influenza,ED Visits,ALL,ALL,0.03,02/15/2025
201808,8,02/18/2018,02/24/2018,2017-2018,ESSENCE,CDC Influenza DD v1,Influenza,ED Visits,ALL,ALL,0.02,02/22/2025
201809,9,02/25/2018,03/03/2018,2017-2018,ESSENCE,CDC Influenza DD v1,Influenza,ED Visits,ALL,ALL,0.02,03/01/2025
201810,10,03/04/2018,03/10/2018,2017-2018,ESSENCE,CDC Influenza DD v1,Influenza,ED Visits,ALL,ALL,0.01,03/08/2025
201811,11,03/11/2018,03/17/2018,2017-2018,ESSENCE,CDC Influenza DD v1,Influenza,ED Visits,ALL,ALL,0.01,03/15/2025
201812,12,03/18/2018,03/24/2018,2017-2018,ESSENCE,CDC Influenza DD v1,Influenza,ED Visits,ALL,ALL,0.01,03/22/2025
201813,13,03/25/2018,03/31/2018,2017-2018,ESSENCE,CDC Influenza DD v1,Influenza,ED Visits,ALL,ALL,0.01,03/29/2025
201814,14,04/01/2018,04/07/2018,2017-2018,ESSENCE,CDC Influenza DD v1,Influenza,ED Visits,ALL,ALL,0.01,04/05/2025
201815,15,04/08/2018,04/14/2018,2017-2018,ESSENCE,CDC Influenza DD v1,Influenza,ED Visits,ALL,ALL,0.01,04/12/2025
201816,16,04/15/2018,04/21/2018,2017-2018,ESSENCE,CDC Influenza DD v1,Influenza,ED Visits,ALL,ALL,0.00,04/19/2025
201817,17,04/22/2018,04/28/2018,2017-2018,ESSENCE,CDC Influenza DD v1,Influenza,ED Visits,ALL,ALL,0.00,04/26/2025
201818,18,04/29/2018,05/05/2018,2017-2018,ESSENCE,CDC Influenza DD v1,Influenza,ED Visits,ALL,ALL,0.00,05/03/2025
201819,19,05/06/2018,05/12/2018,2017-2018,ESSENCE,CDC Influenza DD v1,Influenza,ED Visits,ALL,ALL,0.00,05/10/2025
201820,20,05/13/2018,05/19/2018,2017-2018,ESSENCE,CDC Influenza DD v1,Influenza,ED Visits,ALL,ALL,0.00,05/17/2025
201821,21,05/20/2018,05/26/2018,2017-2018,ESSENCE,CDC Influenza DD v1,Influenza,ED Visits,ALL,ALL,0.00,05/24/2025
201822,22,05/27/2018,06/02/2018,2017-2018,ESSENCE,CDC Influenza DD v1,Influenza,ED Visits,ALL,ALL,0.00,05/31/2025
201823,23,06/03/2018,06/09/2018,2017-2018,ESSENCE,CDC Influenza DD v1,Influenza,ED Visits,ALL,ALL,0.00,06/07/2025
201824,24,06/10/2018,06/16/2018,2017-2018,ESSENCE,CDC Influenza DD v1,Influenza,ED Visits,ALL,ALL,0.00,06/14/2025
201825,25,06/17/2018,06/23/2018,2017-2018,ESSENCE,CDC Influenza DD v1,Influenza,ED Visits,ALL,ALL,0.00,06/21/2025
201826,26,06/24/2018,06/30/2018,2017-2018,ESSENCE,CDC Influenza DD v1,Influenza,ED Visits,ALL,ALL,0.00,06/28/2025
201827,27,07/01/2018,07/07/2018,2017-2018,ESSENCE,CDC Influenza DD v1,Influenza,ED Visits,ALL,ALL,0.00,07/05/2025
201828,28,07/08/2018,07/14/2018,2017-2018,ESSENCE,CDC Influenza DD v1,Influenza,ED Visits,ALL,ALL,0.00,07/12/2025
201829,29,07/15/2018,07/21/2018,2017-2018,ESSENCE,CDC Influenza DD v1,Influenza,ED Visits,ALL,ALL,0.00,07/19/2025
201830,30,07/22/2018,07/28/2018,2017-2018,ESSENCE,CDC Influenza DD v1,Influenza,ED Visits,ALL,ALL,0.00,07/26/2025
201831,31,07/29/2018,08/04/2018,2017-2018,ESSENCE,CDC Influenza DD v1,Influenza,ED Visits,ALL,ALL,0.00,08/02/2025
201832,32,08/05/2018,08/11/2018,2017-2018,ESSENCE,CDC Influenza DD v1,Influenza,ED Visits,ALL,ALL,0.00,08/09/2025
201833,33,08/12/2018,08/18/2018,2017-2018,ESSENCE,CDC Influenza DD v1,Influenza,ED Visits,ALL,ALL,0.00,08/16/2025
201834,34,08/19/2018,08/25/2018,2017-2018,ESSENCE,CDC Influenza DD v1,Influenza,ED Visits,ALL,ALL,0.00,08/23/2025
201835,35,08/26/2018,09/01/2018,2017-2018,ESSENCE,CDC Influenza DD v1,Influenza,ED Visits,ALL,ALL,0.00,08/30/2025
201836,36,09/02/2018,09/08/2018,2017-2018,ESSENCE,CDC Influenza DD v1,Influenza,ED Visits,ALL,ALL,0.00,09/06/2025
201837,37,09/09/2018,09/15/2018,2017-2018,ESSENCE,CDC Influenza DD v1,Influenza,ED Visits,ALL,ALL,0.00,09/13/2025
201838,38,09/16/2018,09/22/2018,2017-2018,ESSENCE,CDC Influenza DD v1,Influenza,ED Visits,ALL,ALL,0.00,09/20/2025
201839,39,09/23/2018,09/29/2018,2017-2018,ESSENCE,CDC Influenza DD v1,Influenza,ED Visits,ALL,ALL,0.00,09/27/2025
201840,40,09/30/2018,10/06/2018,2018-2019,ESSENCE,CDC Influenza DD v1,Influenza,ED Visits,ALL,ALL,0.00,10/05/2024
201841,41,10/07/2018,10/13/2018,2018-2019,ESSENCE,CDC Influenza DD v1,Influenza,ED Visits,ALL,ALL,0.00,10/12/2024
201842,42,10/14/2018,10/20/2018,2018-2019,ESSENCE,CDC Influenza DD v1,Influenza,ED Visits,ALL,ALL,0.00,10/19/2024
201843,43,10/21/2018,10/27/2018,2018-2019,ESSENCE,CDC Influenza DD v1,Influenza,ED Visits,ALL,ALL,0.00,10/26/2024
201844,44,10/28/2018,11/03/2018,2018-2019,ESSENCE,CDC Influenza DD v1,Influenza,ED Visits,ALL,ALL,0.00,11/02/2024
201845,45,11/04/2018,11/10/2018,2018-2019,ESSENCE,CDC Influenza DD v1,Influenza,ED Visits,ALL,ALL,0.00,11/09/2024
201846,46,11/11/2018,11/17/2018,2018-2019,ESSENCE,CDC Influenza DD v1,Influenza,ED Visits,ALL,ALL,0.00,11/16/2024
201847,47,11/18/2018,11/24/2018,2018-2019,ESSENCE,CDC Influenza DD v1,Influenza,ED Visits,ALL,ALL,0.00,11/23/2024
201848,48,11/25/2018,12/01/2018,2018-2019,ESSENCE,CDC Influenza DD v1,Influenza,ED Visits,ALL,ALL,0.00,11/30/2024
201849,49,12/02/2018,12/08/2018,2018-2019,ESSENCE,CDC Influenza DD v1,Influenza,ED Visits,ALL,ALL,0.00,12/07/2024
201850,50,12/09/2018,12/15/2018,2018-2019,ESSENCE,CDC Influenza DD v1,Influenza,ED Visits,ALL,ALL,0.00,12/14/2024
201851,51,12/16/2018,12/22/2018,2018-2019,ESSENCE,CDC Influenza DD v1,Influenza,ED Visits,ALL,ALL,0.00,12/21/2024
201852,52,12/23/2018,12/29/2018,2018-2019,ESSENCE,CDC Influenza DD v1,Influenza,ED Visits,ALL,ALL,0.01,12/28/2024
201901,1,12/30/2018,01/05/2019,2018-2019,ESSENCE,CDC Influenza DD v1,Influenza,ED Visits,ALL,ALL,0.01,01/04/2025
201902,2,01/06/2019,01/12/2019,2018-2019,ESSENCE,CDC Influenza DD v1,Influenza,ED Visits,ALL,ALL,0.01,01/11/2025
201903,3,01/13/2019,01/19/2019,2018-2019,ESSENCE,CDC Influenza DD v1,Influenza,ED Visits,ALL,ALL,0.02,01/18/2025
201904,4,01/20/2019,01/26/2019,2018-2019,ESSENCE,CDC Influenza DD v1,Influenza,ED Visits,ALL,ALL,0.02,01/25/2025
201905,5,01/27/2019,02/02/2019,2018-2019,ESSENCE,CDC Influenza DD v1,Influenza,ED Visits,ALL,ALL,0.02,02/01/2025
201906,6,02/03/2019,02/09/2019,2018-2019,ESSENCE,CDC Influenza DD v1,Influenza,ED Visits,ALL,ALL,0.01,02/08/2025
201907,7,02/10/2019,02/16/2019,2018-2019,ESSENCE,CDC Influenza DD v1,Influenza,ED Visits,ALL,ALL,0.02,02/15/2025
201908,8,02/17/2019,02/23/2019,2018-2019,ESSENCE,CDC Influenza DD v1,Influenza,ED Visits,ALL,ALL,0.02,02/22/2025
201909,9,02/24/2019,03/02/2019,2018-2019,ESSENCE,CDC Influenza DD v1,Influenza,ED Visits,ALL,ALL,0.02,03/01/2025
201910,10,03/03/2019,03/09/2019,2018-2019,ESSENCE,CDC Influenza DD v1,Influenza,ED Visits,ALL,ALL,0.02,03/08/2025
201911,11,03/10/2019,03/16/2019,2018-2019,ESSENCE,CDC Influenza DD v1,Influenza,ED Visits,ALL,ALL,0.02,03/15/2025
201912,12,03/17/2019,03/23/2019,2018-2019,ESSENCE,CDC Influenza DD v1,Influenza,ED Visits,ALL,ALL,0.02,03/22/2025
201913,13,03/24/2019,03/30/2019,2018-2019,ESSENCE,CDC Influenza DD v1,Influenza,ED Visits,ALL,ALL,0.02,03/29/2025
201914,14,03/31/2019,04/06/2019,2018-2019,ESSENCE,CDC Influenza DD v1,Influenza,ED Visits,ALL,ALL,0.02,04/05/2025
201915,15,04/07/2019,04/13/2019,2018-2019,ESSENCE,CDC Influenza DD v1,Influenza,ED Visits,ALL,ALL,0.01,04/12/2025
201916,16,04/14/2019,04/20/2019,2018-2019,ESSENCE,CDC Influenza DD v1,Influenza,ED Visits,ALL,ALL,0.01,04/19/2025
201917,17,04/21/2019,04/27/2019,2018-2019,ESSENCE,CDC Influenza DD v1,Influenza,ED Visits,ALL,ALL,0.01,04/26/2025
201918,18,04/28/2019,05/04/2019,2018-2019,ESSENCE,CDC Influenza DD v1,Influenza,ED Visits,ALL,ALL,0.00,05/03/2025
201919,19,05/05/2019,05/11/2019,2018-2019,ESSENCE,CDC Influenza DD v1,Influenza,ED Visits,ALL,ALL,0.00,05/10/2025
201920,20,05/12/2019,05/18/2019,2018-2019,ESSENCE,CDC Influenza DD v1,Influenza,ED Visits,ALL,ALL,0.00,05/17/2025
201921,21,05/19/2019,05/25/2019,2018-2019,ESSENCE,CDC Influenza DD v1,Influenza,ED Visits,ALL,ALL,0.00,05/24/2025
201922,22,05/26/2019,06/01/2019,2018-2019,ESSENCE,CDC Influenza DD v1,Influenza,ED Visits,ALL,ALL,0.00,05/31/2025
201923,23,06/02/2019,06/08/2019,2018-2019,ESSENCE,CDC Influenza DD v1,Influenza,ED Visits,ALL,ALL,0.00,06/07/2025
201924,24,06/09/2019,06/15/2019,2018-2019,ESSENCE,CDC Influenza DD v1,Influenza,ED Visits,ALL,ALL,0.00,06/14/2025
201925,25,06/16/2019,06/22/2019,2018-2019,ESSENCE,CDC Influenza DD v1,Influenza,ED Visits,ALL,ALL,0.00,06/21/2025
201926,26,06/23/2019,06/29/2019,2018-2019,ESSENCE,CDC Influenza DD v1,Influenza,ED Visits,ALL,ALL,0.00,06/28/2025
201927,27,06/30/2019,07/06/2019,2018-2019,ESSENCE,CDC Influenza DD v1,Influenza,ED Visits,ALL,ALL,0.00,07/05/2025
201928,28,07/07/2019,07/13/2019,2018-2019,ESSENCE,CDC Influenza DD v1,Influenza,ED Visits,ALL,ALL,0.00,07/12/2025
201929,29,07/14/2019,07/20/2019,2018-2019,ESSENCE,CDC Influenza DD v1,Influenza,ED Visits,ALL,ALL,0.00,07/19/2025
201930,30,07/21/2019,07/27/2019,2018-2019,ESSENCE,CDC Influenza DD v1,Influenza,ED Visits,ALL,ALL,0.00,07/26/2025
201931,31,07/28/2019,08/03/2019,2018-2019,ESSENCE,CDC Influenza DD v1,Influenza,ED Visits,ALL,ALL,0.00,08/02/2025
201932,32,08/04/2019,08/10/2019,2018-2019,ESSENCE,CDC Influenza DD v1,Influenza,ED Visits,ALL,ALL,0.00,08/09/2025
201933,33,08/11/2019,08/17/2019,2018-2019,ESSENCE,CDC Influenza DD v1,Influenza,ED Visits,ALL,ALL,0.00,08/16/2025
201934,34,08/18/2019,08/24/2019,2018-2019,ESSENCE,CDC Influenza DD v1,Influenza,ED Visits,ALL,ALL,0.00,08/23/2025
201935,35,08/25/2019,08/31/2019,2018-2019,ESSENCE,CDC Influenza DD v1,Influenza,ED Visits,ALL,ALL,0.00,08/30/2025
201936,36,09/01/2019,09/07/2019,2018-2019,ESSENCE,CDC Influenza DD v1,Influenza,ED Visits,ALL,ALL,0.00,09/06/2025
201937,37,09/08/2019,09/14/2019,2018-2019,ESSENCE,CDC Influenza DD v1,Influenza,ED Visits,ALL,ALL,0.00,09/13/2025
201938,38,09/15/2019,09/21/2019,2018-2019,ESSENCE,CDC Influenza DD v1,Influenza,ED Visits,ALL,ALL,0.00,09/20/2025
201939,39,09/22/2019,09/28/2019,2018-2019,ESSENCE,CDC Influenza DD v1,Influenza,ED Visits,ALL,ALL,0.00,09/27/2025
201940,40,09/29/2019,10/05/2019,2019-2020,ESSENCE,CDC Influenza DD v1,Influenza,Admissions,ALL,ALL,0.00,10/05/2024
201940,40,09/29/2019,10/05/2019,2019-2020,ESSENCE,CDC Influenza DD v1,Influenza,ED Visits,ALL,ALL,0.00,10/05/2024
201941,41,10/06/2019,10/12/2019,2019-2020,ESSENCE,CDC Influenza DD v1,Influenza,Admissions,ALL,ALL,0.00,10/12/2024
201941,41,10/06/2019,10/12/2019,2019-2020,ESSENCE,CDC Influenza DD v1,Influenza,ED Visits,ALL,ALL,0.00,10/12/2024
201942,42,10/13/2019,10/19/2019,2019-2020,ESSENCE,CDC Influenza DD v1,Influenza,ED Visits,ALL,ALL,0.00,10/19/2024
201942,42,10/13/2019,10/19/2019,2019-2020,ESSENCE,CDC Influenza DD v1,Influenza,Admissions,ALL,ALL,0.00,10/19/2024
201943,43,10/20/2019,10/26/2019,2019-2020,ESSENCE,CDC Influenza DD v1,Influenza,Admissions,ALL,ALL,0.00,10/26/2024
201943,43,10/20/2019,10/26/2019,2019-2020,ESSENCE,CDC Influenza DD v1,Influenza,ED Visits,ALL,ALL,0.00,10/26/2024
201944,44,10/27/2019,11/02/2019,2019-2020,ESSENCE,CDC Influenza DD v1,Influenza,Admissions,ALL,ALL,0.00,11/02/2024
201944,44,10/27/2019,11/02/2019,2019-2020,ESSENCE,CDC Influenza DD v1,Influenza,ED Visits,ALL,ALL,0.00,11/02/2024
201945,45,11/03/2019,11/09/2019,2019-2020,ESSENCE,CDC Influenza DD v1,Influenza,ED Visits,ALL,ALL,0.00,11/09/2024
201945,45,11/03/2019,11/09/2019,2019-2020,ESSENCE,CDC Influenza DD v1,Influenza,Admissions,ALL,ALL,0.00,11/09/2024
201946,46,11/10/2019,11/16/2019,2019-2020,ESSENCE,CDC Influenza DD v1,Influenza,Admissions,ALL,ALL,0.00,11/16/2024
201946,46,11/10/2019,11/16/2019,2019-2020,ESSENCE,CDC Influenza DD v1,Influenza,ED Visits,ALL,ALL,0.00,11/16/2024
201947,47,11/17/2019,11/23/2019,2019-2020,ESSENCE,CDC Influenza DD v1,Influenza,ED Visits,ALL,ALL,0.00,11/23/2024
201947,47,11/17/2019,11/23/2019,2019-2020,ESSENCE,CDC Influenza DD v1,Influenza,Admissions,ALL,ALL,0.00,11/23/2024
201948,48,11/24/2019,11/30/2019,2019-2020,ESSENCE,CDC Influenza DD v1,Influenza,Admissions,ALL,ALL,0.00,11/30/2024
201948,48,11/24/2019,11/30/2019,2019-2020,ESSENCE,CDC Influenza DD v1,Influenza,ED Visits,ALL,ALL,0.00,11/30/2024
201949,49,12/01/2019,12/07/2019,2019-2020,ESSENCE,CDC Influenza DD v1,Influenza,ED Visits,ALL,ALL,0.00,12/07/2024
201949,49,12/01/2019,12/07/2019,2019-2020,ESSENCE,CDC Influenza DD v1,Influenza,Admissions,ALL,ALL,0.00,12/07/2024
201950,50,12/08/2019,12/14/2019,2019-2020,ESSENCE,CDC Influenza DD v1,Influenza,ED Visits,ALL,ALL,0.01,12/14/2024
201950,50,12/08/2019,12/14/2019,2019-2020,ESSENCE,CDC Influenza DD v1,Influenza,Admissions,ALL,ALL,0.00,12/14/2024
201951,51,12/15/2019,12/21/2019,2019-2020,ESSENCE,CDC Influenza DD v1,Influenza,ED Visits,ALL,ALL,0.02,12/21/2024
201951,51,12/15/2019,12/21/2019,2019-2020,ESSENCE,CDC Influenza DD v1,Influenza,Admissions,ALL,ALL,0.01,12/21/2024
201952,52,12/22/2019,12/28/2019,2019-2020,ESSENCE,CDC Influenza DD v1,Influenza,Admissions,ALL,ALL,0.02,12/28/2024
201952,52,12/22/2019,12/28/2019,2019-2020,ESSENCE,CDC Influenza DD v1,Influenza,ED Visits,ALL,ALL,0.04,12/28/2024
202001,1,12/29/2019,01/04/2020,2019-2020,ESSENCE,CDC Influenza DD v1,Influenza,Admissions,ALL,ALL,0.02,01/04/2025
202001,1,12/29/2019,01/04/2020,2019-2020,ESSENCE,CDC Influenza DD v1,Influenza,ED Visits,ALL,ALL,0.04,01/04/2025
202002,2,01/05/2020,01/11/2020,2019-2020,ESSENCE,CDC Influenza DD v1,Influenza,Admissions,ALL,ALL,0.02,01/11/2025
202002,2,01/05/2020,01/11/2020,2019-2020,ESSENCE,CDC Influenza DD v1,Influenza,ED Visits,ALL,ALL,0.03,01/11/2025
202003,3,01/12/2020,01/18/2020,2019-2020,ESSENCE,CDC Influenza DD v1,Influenza,Admissions,ALL,ALL,0.02,01/18/2025
202003,3,01/12/2020,01/18/2020,2019-2020,ESSENCE,CDC Influenza DD v1,Influenza,ED Visits,ALL,ALL,0.04,01/18/2025
202004,4,01/19/2020,01/25/2020,2019-2020,ESSENCE,CDC Influenza DD v1,Influenza,ED Visits,ALL,ALL,0.05,01/25/2025
202004,4,01/19/2020,01/25/2020,2019-2020,ESSENCE,CDC Influenza DD v1,Influenza,Admissions,ALL,ALL,0.03,01/25/2025
202005,5,01/26/2020,02/01/2020,2019-2020,ESSENCE,CDC Influenza DD v1,Influenza,Admissions,ALL,ALL,0.03,02/01/2025
202005,5,01/26/2020,02/01/2020,2019-2020,ESSENCE,CDC Influenza DD v1,Influenza,ED Visits,ALL,ALL,0.06,02/01/2025
202006,6,02/02/2020,02/08/2020,2019-2020,ESSENCE,CDC Influenza DD v1,Influenza,Admissions,ALL,ALL,0.04,02/08/2025
202006,6,02/02/2020,02/08/2020,2019-2020,ESSENCE,CDC Influenza DD v1,Influenza,ED Visits,ALL,ALL,0.06,02/08/2025
202007,7,02/09/2020,02/15/2020,2019-2020,ESSENCE,CDC Influenza DD v1,Influenza,ED Visits,ALL,ALL,0.05,02/15/2025
202007,7,02/09/2020,02/15/2020,2019-2020,ESSENCE,CDC Influenza DD v1,Influenza,Admissions,ALL,ALL,0.04,02/15/2025
202008,8,02/16/2020,02/22/2020,2019-2020,ESSENCE,CDC Influenza DD v1,Influenza,ED Visits,ALL,ALL,0.05,02/22/2025
202008,8,02/16/2020,02/22/2020,2019-2020,ESSENCE,CDC Influenza DD v1,Influenza,Admissions,ALL,ALL,0.04,02/22/2025
202009,9,02/23/2020,02/29/2020,2019-2020,ESSENCE,CDC Influenza DD v1,Influenza,ED Visits,ALL,ALL,0.05,03/01/2025
202009,9,02/23/2020,02/29/2020,2019-2020,ESSENCE,CDC Influenza DD v1,Influenza,Admissions,ALL,ALL,0.04,03/01/2025
202010,10,03/01/2020,03/07/2020,2019-2020,ESSENCE,CDC Influenza DD v1,Influenza,ED Visits,ALL,ALL,0.04,03/08/2025
202010,10,03/01/2020,03/07/2020,2019-2020,ESSENCE,CDC Influenza DD v1,Influenza,Admissions,ALL,ALL,0.03,03/08/2025
202011,11,03/08/2020,03/14/2020,2019-2020,ESSENCE,CDC Influenza DD v1,Influenza,Admissions,ALL,ALL,0.03,03/15/2025
202011,11,03/08/2020,03/14/2020,2019-2020,ESSENCE,CDC Influenza DD v1,Influenza,ED Visits,ALL,ALL,0.03,03/15/2025
202012,12,03/15/2020,03/21/2020,2019-2020,ESSENCE,CDC Influenza DD v1,Influenza,ED Visits,ALL,ALL,0.01,03/22/2025
202012,12,03/15/2020,03/21/2020,2019-2020,ESSENCE,CDC Influenza DD v1,Influenza,Admissions,ALL,ALL,0.01,03/22/2025
202013,13,03/22/2020,03/28/2020,2019-2020,ESSENCE,CDC Influenza DD v1,Influenza,Admissions,ALL,ALL,0.01,03/29/2025
202013,13,03/22/2020,03/28/2020,2019-2020,ESSENCE,CDC Influenza DD v1,Influenza,ED Visits,ALL,ALL,0.00,03/29/2025
202014,14,03/29/2020,04/04/2020,2019-2020,ESSENCE,CDC Influenza DD v1,Influenza,ED Visits,ALL,ALL,0.00,04/05/2025
202014,14,03/29/2020,04/04/2020,2019-2020,ESSENCE,CDC Influenza DD v1,Influenza,Admissions,ALL,ALL,0.00,04/05/2025
202015,15,04/05/2020,04/11/2020,2019-2020,ESSENCE,CDC Influenza DD v1,Influenza,ED Visits,ALL,ALL,0.00,04/12/2025
202015,15,04/05/2020,04/11/2020,2019-2020,ESSENCE,CDC Influenza DD v1,Influenza,Admissions,ALL,ALL,0.00,04/12/2025
202016,16,04/12/2020,04/18/2020,2019-2020,ESSENCE,CDC Influenza DD v1,Influenza,ED Visits,ALL,ALL,0.00,04/19/2025
202016,16,04/12/2020,04/18/2020,2019-2020,ESSENCE,CDC Influenza DD v1,Influenza,Admissions,ALL,ALL,0.00,04/19/2025
202017,17,04/19/2020,04/25/2020,2019-2020,ESSENCE,CDC Influenza DD v1,Influenza,Admissions,ALL,ALL,0.00,04/26/2025
202017,17,04/19/2020,04/25/2020,2019-2020,ESSENCE,CDC Influenza DD v1,Influenza,ED Visits,ALL,ALL,0.00,04/26/2025
202018,18,04/26/2020,05/02/2020,2019-2020,ESSENCE,CDC Influenza DD v1,Influenza,Admissions,ALL,ALL,0.00,05/03/2025
202018,18,04/26/2020,05/02/2020,2019-2020,ESSENCE,CDC Influenza DD v1,Influenza,ED Visits,ALL,ALL,0.00,05/03/2025
202019,19,05/03/2020,05/09/2020,2019-2020,ESSENCE,CDC Influenza DD v1,Influenza,Admissions,ALL,ALL,0.00,05/10/2025
202019,19,05/03/2020,05/09/2020,2019-2020,ESSENCE,CDC Influenza DD v1,Influenza,ED Visits,ALL,ALL,0.00,05/10/2025
202020,20,05/10/2020,05/16/2020,2019-2020,ESSENCE,CDC Influenza DD v1,Influenza,Admissions,ALL,ALL,0.00,05/17/2025
202020,20,05/10/2020,05/16/2020,2019-2020,ESSENCE,CDC Influenza DD v1,Influenza,ED Visits,ALL,ALL,0.00,05/17/2025
202021,21,05/17/2020,05/23/2020,2019-2020,ESSENCE,CDC Influenza DD v1,Influenza,Admissions,ALL,ALL,0.00,05/24/2025
202021,21,05/17/2020,05/23/2020,2019-2020,ESSENCE,CDC Influenza DD v1,Influenza,ED Visits,ALL,ALL,0.00,05/24/2025
202022,22,05/24/2020,05/30/2020,2019-2020,ESSENCE,CDC Influenza DD v1,Influenza,Admissions,ALL,ALL,0.00,05/31/2025
202022,22,05/24/2020,05/30/2020,2019-2020,ESSENCE,CDC Influenza DD v1,Influenza,ED Visits,ALL,ALL,0.00,05/31/2025
202023,23,05/31/2020,06/06/2020,2019-2020,ESSENCE,CDC Influenza DD v1,Influenza,ED Visits,ALL,ALL,0.00,06/07/2025
202023,23,05/31/2020,06/06/2020,2019-2020,ESSENCE,CDC Influenza DD v1,Influenza,Admissions,ALL,ALL,0.00,06/07/2025
202024,24,06/07/2020,06/13/2020,2019-2020,ESSENCE,CDC Influenza DD v1,Influenza,ED Visits,ALL,ALL,0.00,06/14/2025
202024,24,06/07/2020,06/13/2020,2019-2020,ESSENCE,CDC Influenza DD v1,Influenza,Admissions,ALL,ALL,0.00,06/14/2025
202025,25,06/14/2020,06/20/2020,2019-2020,ESSENCE,CDC Influenza DD v1,Influenza,ED Visits,ALL,ALL,0.00,06/21/2025
202025,25,06/14/2020,06/20/2020,2019-2020,ESSENCE,CDC Influenza DD v1,Influenza,Admissions,ALL,ALL,0.00,06/21/2025
202026,26,06/21/2020,06/27/2020,2019-2020,ESSENCE,CDC Influenza DD v1,Influenza,Admissions,ALL,ALL,0.00,06/28/2025
202026,26,06/21/2020,06/27/2020,2019-2020,ESSENCE,CDC Influenza DD v1,Influenza,ED Visits,ALL,ALL,0.00,06/28/2025
202027,27,06/28/2020,07/04/2020,2019-2020,ESSENCE,CDC Influenza DD v1,Influenza,ED Visits,ALL,ALL,0.00,07/05/2025
202027,27,06/28/2020,07/04/2020,2019-2020,ESSENCE,CDC Influenza DD v1,Influenza,Admissions,ALL,ALL,0.00,07/05/2025
202028,28,07/05/2020,07/11/2020,2019-2020,ESSENCE,CDC Influenza DD v1,Influenza,ED Visits,ALL,ALL,0.00,07/12/2025
202028,28,07/05/2020,07/11/2020,2019-2020,ESSENCE,CDC Influenza DD v1,Influenza,Admissions,ALL,ALL,0.00,07/12/2025
202029,29,07/12/2020,07/18/2020,2019-2020,ESSENCE,CDC Influenza DD v1,Influenza,Admissions,ALL,ALL,0.00,07/19/2025
202029,29,07/12/2020,07/18/2020,2019-2020,ESSENCE,CDC Influenza DD v1,Influenza,ED Visits,ALL,ALL,0.00,07/19/2025
202030,30,07/19/2020,07/25/2020,2019-2020,ESSENCE,CDC Influenza DD v1,Influenza,ED Visits,ALL,ALL,0.00,07/26/2025
202030,30,07/19/2020,07/25/2020,2019-2020,ESSENCE,CDC Influenza DD v1,Influenza,Admissions,ALL,ALL,0.00,07/26/2025
202031,31,07/26/2020,08/01/2020,2019-2020,ESSENCE,CDC Influenza DD v1,Influenza,Admissions,ALL,ALL,0.00,08/02/2025
202031,31,07/26/2020,08/01/2020,2019-2020,ESSENCE,CDC Influenza DD v1,Influenza,ED Visits,ALL,ALL,0.00,08/02/2025
202032,32,08/02/2020,08/08/2020,2019-2020,ESSENCE,CDC Influenza DD v1,Influenza,ED Visits,ALL,ALL,0.00,08/09/2025
202032,32,08/02/2020,08/08/2020,2019-2020,ESSENCE,CDC Influenza DD v1,Influenza,Admissions,ALL,ALL,0.00,08/09/2025
202033,33,08/09/2020,08/15/2020,2019-2020,ESSENCE,CDC Influenza DD v1,Influenza,Admissions,ALL,ALL,0.00,08/16/2025
202033,33,08/09/2020,08/15/2020,2019-2020,ESSENCE,CDC Influenza DD v1,Influenza,ED Visits,ALL,ALL,0.00,08/16/2025
202034,34,08/16/2020,08/22/2020,2019-2020,ESSENCE,CDC Influenza DD v1,Influenza,Admissions,ALL,ALL,0.00,08/23/2025
202034,34,08/16/2020,08/22/2020,2019-2020,ESSENCE,CDC Influenza DD v1,Influenza,ED Visits,ALL,ALL,0.00,08/23/2025
202035,35,08/23/2020,08/29/2020,2019-2020,ESSENCE,CDC Influenza DD v1,Influenza,Admissions,ALL,ALL,0.00,08/30/2025
202035,35,08/23/2020,08/29/2020,2019-2020,ESSENCE,CDC Influenza DD v1,Influenza,ED Visits,ALL,ALL,0.00,08/30/2025
202036,36,08/30/2020,09/05/2020,2019-2020,ESSENCE,CDC Influenza DD v1,Influenza,ED Visits,ALL,ALL,0.00,09/06/2025
202036,36,08/30/2020,09/05/2020,2019-2020,ESSENCE,CDC Influenza DD v1,Influenza,Admissions,ALL,ALL,0.00,09/06/2025
202037,37,09/06/2020,09/12/2020,2019-2020,ESSENCE,CDC Influenza DD v1,Influenza,ED Visits,ALL,ALL,0.00,09/13/2025
202037,37,09/06/2020,09/12/2020,2019-2020,ESSENCE,CDC Influenza DD v1,Influenza,Admissions,ALL,ALL,0.00,09/13/2025
202038,38,09/13/2020,09/19/2020,2019-2020,ESSENCE,CDC Influenza DD v1,Influenza,Admissions,ALL,ALL,0.00,09/20/2025
202038,38,09/13/2020,09/19/2020,2019-2020,ESSENCE,CDC Influenza DD v1,Influenza,ED Visits,ALL,ALL,0.00,09/20/2025
202039,39,09/20/2020,09/26/2020,2019-2020,ESSENCE,CDC Influenza DD v1,Influenza,ED Visits,ALL,ALL,0.00,09/27/2025
202039,39,09/20/2020,09/26/2020,2019-2020,ESSENCE,CDC Influenza DD v1,Influenza,Admissions,ALL,ALL,0.00,09/27/2025
202040,40,09/27/2020,10/03/2020,2020-2021,ESSENCE,CDC Influenza DD v1,Influenza,Admissions,ALL,ALL,0.00,10/05/2024
202040,40,09/27/2020,10/03/2020,2020-2021,ESSENCE,CDC Influenza DD v1,Influenza,ED Visits,ALL,ALL,0.00,10/05/2024
202041,41,10/04/2020,10/10/2020,2020-2021,ESSENCE,CDC Influenza DD v1,Influenza,Admissions,ALL,ALL,0.00,10/12/2024
202041,41,10/04/2020,10/10/2020,2020-2021,ESSENCE,CDC Influenza DD v1,Influenza,ED Visits,ALL,ALL,0.00,10/12/2024
202042,42,10/11/2020,10/17/2020,2020-2021,ESSENCE,CDC Influenza DD v1,Influenza,Admissions,ALL,ALL,0.00,10/19/2024
202042,42,10/11/2020,10/17/2020,2020-2021,ESSENCE,CDC Influenza DD v1,Influenza,ED Visits,ALL,ALL,0.00,10/19/2024
202043,43,10/18/2020,10/24/2020,2020-2021,ESSENCE,CDC Influenza DD v1,Influenza,Admissions,ALL,ALL,0.00,10/26/2024
202043,43,10/18/2020,10/24/2020,2020-2021,ESSENCE,CDC Influenza DD v1,Influenza,ED Visits,ALL,ALL,0.00,10/26/2024
202044,44,10/25/2020,10/31/2020,2020-2021,ESSENCE,CDC Influenza DD v1,Influenza,ED Visits,ALL,ALL,0.00,11/02/2024
202044,44,10/25/2020,10/31/2020,2020-2021,ESSENCE,CDC Influenza DD v1,Influenza,Admissions,ALL,ALL,0.00,11/02/2024
202045,45,11/01/2020,11/07/2020,2020-2021,ESSENCE,CDC Influenza DD v1,Influenza,Admissions,ALL,ALL,0.00,11/09/2024
202045,45,11/01/2020,11/07/2020,2020-2021,ESSENCE,CDC Influenza DD v1,Influenza,ED Visits,ALL,ALL,0.00,11/09/2024
202046,46,11/08/2020,11/14/2020,2020-2021,ESSENCE,CDC Influenza DD v1,Influenza,Admissions,ALL,ALL,0.00,11/16/2024
202046,46,11/08/2020,11/14/2020,2020-2021,ESSENCE,CDC Influenza DD v1,Influenza,ED Visits,ALL,ALL,0.00,11/16/2024
202047,47,11/15/2020,11/21/2020,2020-2021,ESSENCE,CDC Influenza DD v1,Influenza,ED Visits,ALL,ALL,0.00,11/23/2024
202047,47,11/15/2020,11/21/2020,2020-2021,ESSENCE,CDC Influenza DD v1,Influenza,Admissions,ALL,ALL,0.00,11/23/2024
202048,48,11/22/2020,11/28/2020,2020-2021,ESSENCE,CDC Influenza DD v1,Influenza,ED Visits,ALL,ALL,0.00,11/30/2024
202048,48,11/22/2020,11/28/2020,2020-2021,ESSENCE,CDC Influenza DD v1,Influenza,Admissions,ALL,ALL,0.00,11/30/2024
202049,49,11/29/2020,12/05/2020,2020-2021,ESSENCE,CDC Influenza DD v1,Influenza,ED Visits,ALL,ALL,0.00,12/07/2024
202049,49,11/29/2020,12/05/2020,2020-2021,ESSENCE,CDC Influenza DD v1,Influenza,Admissions,ALL,ALL,0.00,12/07/2024
202050,50,12/06/2020,12/12/2020,2020-2021,ESSENCE,CDC Influenza DD v1,Influenza,Admissions,ALL,ALL,0.00,12/14/2024
202050,50,12/06/2020,12/12/2020,2020-2021,ESSENCE,CDC Influenza DD v1,Influenza,ED Visits,ALL,ALL,0.00,12/14/2024
202051,51,12/13/2020,12/19/2020,2020-2021,ESSENCE,CDC Influenza DD v1,Influenza,ED Visits,ALL,ALL,0.00,12/21/2024
202051,51,12/13/2020,12/19/2020,2020-2021,ESSENCE,CDC Influenza DD v1,Influenza,Admissions,ALL,ALL,0.00,12/21/2024
202052,52,12/20/2020,12/26/2020,2020-2021,ESSENCE,CDC Influenza DD v1,Influenza,ED Visits,ALL,ALL,0.00,12/28/2024
202052,52,12/20/2020,12/26/2020,2020-2021,ESSENCE,CDC Influenza DD v1,Influenza,Admissions,ALL,ALL,0.00,12/28/2024
202101,1,01/03/2021,01/09/2021,2020-2021,ESSENCE,CDC Influenza DD v1,Influenza,Admissions,ALL,ALL,0.00,01/04/2025
202101,1,01/03/2021,01/09/2021,2020-2021,ESSENCE,CDC Influenza DD v1,Influenza,ED Visits,ALL,ALL,0.00,01/04/2025
202102,2,01/10/2021,01/16/2021,2020-2021,ESSENCE,CDC Influenza DD v1,Influenza,ED Visits,ALL,ALL,0.00,01/11/2025
202102,2,01/10/2021,01/16/2021,2020-2021,ESSENCE,CDC Influenza DD v1,Influenza,Admissions,ALL,ALL,0.00,01/11/2025
202103,3,01/17/2021,01/23/2021,2020-2021,ESSENCE,CDC Influenza DD v1,Influenza,Admissions,ALL,ALL,0.00,01/18/2025
202103,3,01/17/2021,01/23/2021,2020-2021,ESSENCE,CDC Influenza DD v1,Influenza,ED Visits,ALL,ALL,0.00,01/18/2025
202104,4,01/24/2021,01/30/2021,2020-2021,ESSENCE,CDC Influenza DD v1,Influenza,ED Visits,ALL,ALL,0.00,01/25/2025
202104,4,01/24/2021,01/30/2021,2020-2021,ESSENCE,CDC Influenza DD v1,Influenza,Admissions,ALL,ALL,0.00,01/25/2025
202105,5,01/31/2021,02/06/2021,2020-2021,ESSENCE,CDC Influenza DD v1,Influenza,Admissions,ALL,ALL,0.00,02/01/2025
202105,5,01/31/2021,02/06/2021,2020-2021,ESSENCE,CDC Influenza DD v1,Influenza,ED Visits,ALL,ALL,0.00,02/01/2025
202106,6,02/07/2021,02/13/2021,2020-2021,ESSENCE,CDC Influenza DD v1,Influenza,Admissions,ALL,ALL,0.00,02/08/2025
202106,6,02/07/2021,02/13/2021,2020-2021,ESSENCE,CDC Influenza DD v1,Influenza,ED Visits,ALL,ALL,0.00,02/08/2025
202107,7,02/14/2021,02/20/2021,2020-2021,ESSENCE,CDC Influenza DD v1,Influenza,ED Visits,ALL,ALL,0.00,02/15/2025
202107,7,02/14/2021,02/20/2021,2020-2021,ESSENCE,CDC Influenza DD v1,Influenza,Admissions,ALL,ALL,0.00,02/15/2025
202108,8,02/21/2021,02/27/2021,2020-2021,ESSENCE,CDC Influenza DD v1,Influenza,Admissions,ALL,ALL,0.00,02/22/2025
202108,8,02/21/2021,02/27/2021,2020-2021,ESSENCE,CDC Influenza DD v1,Influenza,ED Visits,ALL,ALL,0.00,02/22/2025
202109,9,02/28/2021,03/06/2021,2020-2021,ESSENCE,CDC Influenza DD v1,Influenza,ED Visits,ALL,ALL,0.00,03/01/2025
202109,9,02/28/2021,03/06/2021,2020-2021,ESSENCE,CDC Influenza DD v1,Influenza,Admissions,ALL,ALL,0.00,03/01/2025
202110,10,03/07/2021,03/13/2021,2020-2021,ESSENCE,CDC Influenza DD v1,Influenza,ED Visits,ALL,ALL,0.00,03/08/2025
202110,10,03/07/2021,03/13/2021,2020-2021,ESSENCE,CDC Influenza DD v1,Influenza,Admissions,ALL,ALL,0.00,03/08/2025
202111,11,03/14/2021,03/20/2021,2020-2021,ESSENCE,CDC Influenza DD v1,Influenza,Admissions,ALL,ALL,0.00,03/15/2025
202111,11,03/14/2021,03/20/2021,2020-2021,ESSENCE,CDC Influenza DD v1,Influenza,ED Visits,ALL,ALL,0.00,03/15/2025
202112,12,03/21/2021,03/27/2021,2020-2021,ESSENCE,CDC Influenza DD v1,Influenza,ED Visits,ALL,ALL,0.00,03/22/2025
202112,12,03/21/2021,03/27/2021,2020-2021,ESSENCE,CDC Influenza DD v1,Influenza,Admissions,ALL,ALL,0.00,03/22/2025
202113,13,03/28/2021,04/03/2021,2020-2021,ESSENCE,CDC Influenza DD v1,Influenza,Admissions,ALL,ALL,0.00,03/29/2025
202113,13,03/28/2021,04/03/2021,2020-2021,ESSENCE,CDC Influenza DD v1,Influenza,ED Visits,ALL,ALL,0.00,03/29/2025
202114,14,04/04/2021,04/10/2021,2020-2021,ESSENCE,CDC Influenza DD v1,Influenza,Admissions,ALL,ALL,0.00,04/05/2025
202114,14,04/04/2021,04/10/2021,2020-2021,ESSENCE,CDC Influenza DD v1,Influenza,ED Visits,ALL,ALL,0.00,04/05/2025
202115,15,04/11/2021,04/17/2021,2020-2021,ESSENCE,CDC Influenza DD v1,Influenza,ED Visits,ALL,ALL,0.00,04/12/2025
202115,15,04/11/2021,04/17/2021,2020-2021,ESSENCE,CDC Influenza DD v1,Influenza,Admissions,ALL,ALL,0.00,04/12/2025
202116,16,04/18/2021,04/24/2021,2020-2021,ESSENCE,CDC Influenza DD v1,Influenza,Admissions,ALL,ALL,0.00,04/19/2025
202116,16,04/18/2021,04/24/2021,2020-2021,ESSENCE,CDC Influenza DD v1,Influenza,ED Visits,ALL,ALL,0.00,04/19/2025
202117,17,04/25/2021,05/01/2021,2020-2021,ESSENCE,CDC Influenza DD v1,Influenza,ED Visits,ALL,ALL,0.00,04/26/2025
202117,17,04/25/2021,05/01/2021,2020-2021,ESSENCE,CDC Influenza DD v1,Influenza,Admissions,ALL,ALL,0.00,04/26/2025
202118,18,05/02/2021,05/08/2021,2020-2021,ESSENCE,CDC Influenza DD v1,Influenza,ED Visits,ALL,ALL,0.00,05/03/2025
202118,18,05/02/2021,05/08/2021,2020-2021,ESSENCE,CDC Influenza DD v1,Influenza,Admissions,ALL,ALL,0.00,05/03/2025
202119,19,05/09/2021,05/15/2021,2020-2021,ESSENCE,CDC Influenza DD v1,Influenza,ED Visits,ALL,ALL,0.00,05/10/2025
202119,19,05/09/2021,05/15/2021,2020-2021,ESSENCE,CDC Influenza DD v1,Influenza,Admissions,ALL,ALL,0.00,05/10/2025
202120,20,05/16/2021,05/22/2021,2020-2021,ESSENCE,CDC Influenza DD v1,Influenza,Admissions,ALL,ALL,0.00,05/17/2025
202120,20,05/16/2021,05/22/2021,2020-2021,ESSENCE,CDC Influenza DD v1,Influenza,ED Visits,ALL,ALL,0.00,05/17/2025
202121,21,05/23/2021,05/29/2021,2020-2021,ESSENCE,CDC Influenza DD v1,Influenza,ED Visits,ALL,ALL,0.00,05/24/2025
202121,21,05/23/2021,05/29/2021,2020-2021,ESSENCE,CDC Influenza DD v1,Influenza,Admissions,ALL,ALL,0.00,05/24/2025
202122,22,05/30/2021,06/05/2021,2020-2021,ESSENCE,CDC Influenza DD v1,Influenza,ED Visits,ALL,ALL,0.00,05/31/2025
202122,22,05/30/2021,06/05/2021,2020-2021,ESSENCE,CDC Influenza DD v1,Influenza,Admissions,ALL,ALL,0.00,05/31/2025
202123,23,06/06/2021,06/12/2021,2020-2021,ESSENCE,CDC Influenza DD v1,Influenza,Admissions,ALL,ALL,0.00,06/07/2025
202123,23,06/06/2021,06/12/2021,2020-2021,ESSENCE,CDC Influenza DD v1,Influenza,ED Visits,ALL,ALL,0.00,06/07/2025
202124,24,06/13/2021,06/19/2021,2020-2021,ESSENCE,CDC Influenza DD v1,Influenza,ED Visits,ALL,ALL,0.00,06/14/2025
202124,24,06/13/2021,06/19/2021,2020-2021,ESSENCE,CDC Influenza DD v1,Influenza,Admissions,ALL,ALL,0.00,06/14/2025
202125,25,06/20/2021,06/26/2021,2020-2021,ESSENCE,CDC Influenza DD v1,Influenza,Admissions,ALL,ALL,0.00,06/21/2025
202125,25,06/20/2021,06/26/2021,2020-2021,ESSENCE,CDC Influenza DD v1,Influenza,ED Visits,ALL,ALL,0.00,06/21/2025
202126,26,06/27/2021,07/03/2021,2020-2021,ESSENCE,CDC Influenza DD v1,Influenza,ED Visits,ALL,ALL,0.00,06/28/2025
202126,26,06/27/2021,07/03/2021,2020-2021,ESSENCE,CDC Influenza DD v1,Influenza,Admissions,ALL,ALL,0.00,06/28/2025
202127,27,07/04/2021,07/10/2021,2020-2021,ESSENCE,CDC Influenza DD v1,Influenza,ED Visits,ALL,ALL,0.00,07/05/2025
202127,27,07/04/2021,07/10/2021,2020-2021,ESSENCE,CDC Influenza DD v1,Influenza,Admissions,ALL,ALL,0.00,07/05/2025
202128,28,07/11/2021,07/17/2021,2020-2021,ESSENCE,CDC Influenza DD v1,Influenza,ED Visits,ALL,ALL,0.00,07/12/2025
202128,28,07/11/2021,07/17/2021,2020-2021,ESSENCE,CDC Influenza DD v1,Influenza,Admissions,ALL,ALL,0.00,07/12/2025
202129,29,07/18/2021,07/24/2021,2020-2021,ESSENCE,CDC Influenza DD v1,Influenza,Admissions,ALL,ALL,0.00,07/19/2025
202129,29,07/18/2021,07/24/2021,2020-2021,ESSENCE,CDC Influenza DD v1,Influenza,ED Visits,ALL,ALL,0.00,07/19/2025
202130,30,07/25/2021,07/31/2021,2020-2021,ESSENCE,CDC Influenza DD v1,Influenza,ED Visits,ALL,ALL,0.00,07/26/2025
202130,30,07/25/2021,07/31/2021,2020-2021,ESSENCE,CDC Influenza DD v1,Influenza,Admissions,ALL,ALL,0.00,07/26/2025
202131,31,08/01/2021,08/07/2021,2020-2021,ESSENCE,CDC Influenza DD v1,Influenza,ED Visits,ALL,ALL,0.00,08/02/2025
202131,31,08/01/2021,08/07/2021,2020-2021,ESSENCE,CDC Influenza DD v1,Influenza,Admissions,ALL,ALL,0.00,08/02/2025
202132,32,08/08/2021,08/14/2021,2020-2021,ESSENCE,CDC Influenza DD v1,Influenza,ED Visits,ALL,ALL,0.00,08/09/2025
202132,32,08/08/2021,08/14/2021,2020-2021,ESSENCE,CDC Influenza DD v1,Influenza,Admissions,ALL,ALL,0.00,08/09/2025
202133,33,08/15/2021,08/21/2021,2020-2021,ESSENCE,CDC Influenza DD v1,Influenza,ED Visits,ALL,ALL,0.00,08/16/2025
202133,33,08/15/2021,08/21/2021,2020-2021,ESSENCE,CDC Influenza DD v1,Influenza,Admissions,ALL,ALL,0.00,08/16/2025
202134,34,08/22/2021,08/28/2021,2020-2021,ESSENCE,CDC Influenza DD v1,Influenza,ED Visits,ALL,ALL,0.00,08/23/2025
202134,34,08/22/2021,08/28/2021,2020-2021,ESSENCE,CDC Influenza DD v1,Influenza,Admissions,ALL,ALL,0.00,08/23/2025
202135,35,08/29/2021,09/04/2021,2020-2021,ESSENCE,CDC Influenza DD v1,Influenza,Admissions,ALL,ALL,0.00,08/30/2025
202135,35,08/29/2021,09/04/2021,2020-2021,ESSENCE,CDC Influenza DD v1,Influenza,ED Visits,ALL,ALL,0.00,08/30/2025
202136,36,09/05/2021,09/11/2021,2020-2021,ESSENCE,CDC Influenza DD v1,Influenza,ED Visits,ALL,ALL,0.00,09/06/2025
202136,36,09/05/2021,09/11/2021,2020-2021,ESSENCE,CDC Influenza DD v1,Influenza,Admissions,ALL,ALL,0.00,09/06/2025
202137,37,09/12/2021,09/18/2021,2020-2021,ESSENCE,CDC Influenza DD v1,Influenza,ED Visits,ALL,ALL,0.00,09/13/2025
202137,37,09/12/2021,09/18/2021,2020-2021,ESSENCE,CDC Influenza DD v1,Influenza,Admissions,ALL,ALL,0.00,09/13/2025
202138,38,09/19/2021,09/25/2021,2020-2021,ESSENCE,CDC Influenza DD v1,Influenza,Admissions,ALL,ALL,0.00,09/20/2025
202138,38,09/19/2021,09/25/2021,2020-2021,ESSENCE,CDC Influenza DD v1,Influenza,ED Visits,ALL,ALL,0.00,09/20/2025
202139,39,09/26/2021,10/02/2021,2020-2021,ESSENCE,CDC Influenza DD v1,Influenza,Admissions,ALL,ALL,0.00,09/27/2025
202139,39,09/26/2021,10/02/2021,2020-2021,ESSENCE,CDC Influenza DD v1,Influenza,ED Visits,ALL,ALL,0.00,09/27/2025
202140,40,10/03/2021,10/09/2021,2021-2022,ESSENCE,CDC Influenza DD v1,Influenza,Admissions,ALL,ALL,0.00,10/05/2024
202140,40,10/03/2021,10/09/2021,2021-2022,ESSENCE,CDC Influenza DD v1,Influenza,ED Visits,ALL,ALL,0.00,10/05/2024
202141,41,10/10/2021,10/16/2021,2021-2022,ESSENCE,CDC Influenza DD v1,Influenza,ED Visits,ALL,ALL,0.00,10/12/2024
202141,41,10/10/2021,10/16/2021,2021-2022,ESSENCE,CDC Influenza DD v1,Influenza,Admissions,ALL,ALL,0.00,10/12/2024
202142,42,10/17/2021,10/23/2021,2021-2022,ESSENCE,CDC Influenza DD v1,Influenza,Admissions,ALL,ALL,0.00,10/19/2024
202142,42,10/17/2021,10/23/2021,2021-2022,ESSENCE,CDC Influenza DD v1,Influenza,ED Visits,ALL,ALL,0.00,10/19/2024
202143,43,10/24/2021,10/30/2021,2021-2022,ESSENCE,CDC Influenza DD v1,Influenza,Admissions,ALL,ALL,0.00,10/26/2024
202143,43,10/24/2021,10/30/2021,2021-2022,ESSENCE,CDC Influenza DD v1,Influenza,ED Visits,ALL,ALL,0.00,10/26/2024
202144,44,10/31/2021,11/06/2021,2021-2022,ESSENCE,CDC Influenza DD v1,Influenza,Admissions,ALL,ALL,0.00,11/02/2024
202144,44,10/31/2021,11/06/2021,2021-2022,ESSENCE,CDC Influenza DD v1,Influenza,ED Visits,ALL,ALL,0.00,11/02/2024
202145,45,11/07/2021,11/13/2021,2021-2022,ESSENCE,CDC Influenza DD v1,Influenza,ED Visits,ALL,ALL,0.00,11/09/2024
202145,45,11/07/2021,11/13/2021,2021-2022,ESSENCE,CDC Influenza DD v1,Influenza,Admissions,ALL,ALL,0.00,11/09/2024
202146,46,11/14/2021,11/20/2021,2021-2022,ESSENCE,CDC Influenza DD v1,Influenza,Admissions,ALL,ALL,0.00,11/16/2024
202146,46,11/14/2021,11/20/2021,2021-2022,ESSENCE,CDC Influenza DD v1,Influenza,ED Visits,ALL,ALL,0.00,11/16/2024
202147,47,11/21/2021,11/27/2021,2021-2022,ESSENCE,CDC Influenza DD v1,Influenza,ED Visits,ALL,ALL,0.00,11/23/2024
202147,47,11/21/2021,11/27/2021,2021-2022,ESSENCE,CDC Influenza DD v1,Influenza,Admissions,ALL,ALL,0.00,11/23/2024
202148,48,11/28/2021,12/04/2021,2021-2022,ESSENCE,CDC Influenza DD v1,Influenza,ED Visits,ALL,ALL,0.00,11/30/2024
202148,48,11/28/2021,12/04/2021,2021-2022,ESSENCE,CDC Influenza DD v1,Influenza,Admissions,ALL,ALL,0.00,11/30/2024
202149,49,12/05/2021,12/11/2021,2021-2022,ESSENCE,CDC Influenza DD v1,Influenza,ED Visits,ALL,ALL,0.00,12/07/2024
202149,49,12/05/2021,12/11/2021,2021-2022,ESSENCE,CDC Influenza DD v1,Influenza,Admissions,ALL,ALL,0.00,12/07/2024
202150,50,12/12/2021,12/18/2021,2021-2022,ESSENCE,CDC Influenza DD v1,Influenza,ED Visits,ALL,ALL,0.00,12/14/2024
202150,50,12/12/2021,12/18/2021,2021-2022,ESSENCE,CDC Influenza DD v1,Influenza,Admissions,ALL,ALL,0.00,12/14/2024
202151,51,12/19/2021,12/25/2021,2021-2022,ESSENCE,CDC Influenza DD v1,Influenza,Admissions,ALL,ALL,0.00,12/21/2024
202151,51,12/19/2021,12/25/2021,2021-2022,ESSENCE,CDC Influenza DD v1,Influenza,ED Visits,ALL,ALL,0.00,12/21/2024
202152,52,12/26/2021,01/01/2022,2021-2022,ESSENCE,CDC Influenza DD v1,Influenza,ED Visits,ALL,ALL,0.00,12/28/2024
202152,52,12/26/2021,01/01/2022,2021-2022,ESSENCE,CDC Influenza DD v1,Influenza,Admissions,ALL,ALL,0.00,12/28/2024
202201,1,01/02/2022,01/08/2022,2021-2022,ESSENCE,CDC Influenza DD v1,Influenza,ED Visits,ALL,ALL,0.00,01/04/2025
202201,1,01/02/2022,01/08/2022,2021-2022,ESSENCE,CDC Influenza DD v1,Influenza,Admissions,ALL,ALL,0.00,01/04/2025
202202,2,01/09/2022,01/15/2022,2021-2022,ESSENCE,CDC Influenza DD v1,Influenza,Admissions,ALL,ALL,0.00,01/11/2025
202202,2,01/09/2022,01/15/2022,2021-2022,ESSENCE,CDC Influenza DD v1,Influenza,ED Visits,ALL,ALL,0.00,01/11/2025
202203,3,01/16/2022,01/22/2022,2021-2022,ESSENCE,CDC Influenza DD v1,Influenza,Admissions,ALL,ALL,0.00,01/18/2025
202203,3,01/16/2022,01/22/2022,2021-2022,ESSENCE,CDC Influenza DD v1,Influenza,ED Visits,ALL,ALL,0.00,01/18/2025
202204,4,01/23/2022,01/29/2022,2021-2022,ESSENCE,CDC Influenza DD v1,Influenza,ED Visits,ALL,ALL,0.00,01/25/2025
202204,4,01/23/2022,01/29/2022,2021-2022,ESSENCE,CDC Influenza DD v1,Influenza,Admissions,ALL,ALL,0.00,01/25/2025
202205,5,01/30/2022,02/05/2022,2021-2022,ESSENCE,CDC Influenza DD v1,Influenza,ED Visits,ALL,ALL,0.00,02/01/2025
202205,5,01/30/2022,02/05/2022,2021-2022,ESSENCE,CDC Influenza DD v1,Influenza,Admissions,ALL,ALL,0.00,02/01/2025
202206,6,02/06/2022,02/12/2022,2021-2022,ESSENCE,CDC Influenza DD v1,Influenza,Admissions,ALL,ALL,0.00,02/08/2025
202206,6,02/06/2022,02/12/2022,2021-2022,ESSENCE,CDC Influenza DD v1,Influenza,ED Visits,ALL,ALL,0.00,02/08/2025
202207,7,02/13/2022,02/19/2022,2021-2022,ESSENCE,CDC Influenza DD v1,Influenza,ED Visits,ALL,ALL,0.00,02/15/2025
202207,7,02/13/2022,02/19/2022,2021-2022,ESSENCE,CDC Influenza DD v1,Influenza,Admissions,ALL,ALL,0.00,02/15/2025
202208,8,02/20/2022,02/26/2022,2021-2022,ESSENCE,CDC Influenza DD v1,Influenza,Admissions,ALL,ALL,0.00,02/22/2025
202208,8,02/20/2022,02/26/2022,2021-2022,ESSENCE,CDC Influenza DD v1,Influenza,ED Visits,ALL,ALL,0.00,02/22/2025
202209,9,02/27/2022,03/05/2022,2021-2022,ESSENCE,CDC Influenza DD v1,Influenza,Admissions,ALL,ALL,0.00,03/01/2025
202209,9,02/27/2022,03/05/2022,2021-2022,ESSENCE,CDC Influenza DD v1,Influenza,ED Visits,ALL,ALL,0.00,03/01/2025
202210,10,03/06/2022,03/12/2022,2021-2022,ESSENCE,CDC Influenza DD v1,Influenza,ED Visits,ALL,ALL,0.00,03/08/2025
202210,10,03/06/2022,03/12/2022,2021-2022,ESSENCE,CDC Influenza DD v1,Influenza,Admissions,ALL,ALL,0.00,03/08/2025
202211,11,03/13/2022,03/19/2022,2021-2022,ESSENCE,CDC Influenza DD v1,Influenza,Admissions,ALL,ALL,0.00,03/15/2025
202211,11,03/13/2022,03/19/2022,2021-2022,ESSENCE,CDC Influenza DD v1,Influenza,ED Visits,ALL,ALL,0.00,03/15/2025
202212,12,03/20/2022,03/26/2022,2021-2022,ESSENCE,CDC Influenza DD v1,Influenza,ED Visits,ALL,ALL,0.01,03/22/2025
202212,12,03/20/2022,03/26/2022,2021-2022,ESSENCE,CDC Influenza DD v1,Influenza,Admissions,ALL,ALL,0.00,03/22/2025
202213,13,03/27/2022,04/02/2022,2021-2022,ESSENCE,CDC Influenza DD v1,Influenza,ED Visits,ALL,ALL,0.01,03/29/2025
202213,13,03/27/2022,04/02/2022,2021-2022,ESSENCE,CDC Influenza DD v1,Influenza,Admissions,ALL,ALL,0.00,03/29/2025
202214,14,04/03/2022,04/09/2022,2021-2022,ESSENCE,CDC Influenza DD v1,Influenza,Admissions,ALL,ALL,0.00,04/05/2025
202214,14,04/03/2022,04/09/2022,2021-2022,ESSENCE,CDC Influenza DD v1,Influenza,ED Visits,ALL,ALL,0.01,04/05/2025
202215,15,04/10/2022,04/16/2022,2021-2022,ESSENCE,CDC Influenza DD v1,Influenza,ED Visits,ALL,ALL,0.01,04/12/2025
202215,15,04/10/2022,04/16/2022,2021-2022,ESSENCE,CDC Influenza DD v1,Influenza,Admissions,ALL,ALL,0.00,04/12/2025
202216,16,04/17/2022,04/23/2022,2021-2022,ESSENCE,CDC Influenza DD v1,Influenza,ED Visits,ALL,ALL,0.01,04/19/2025
202216,16,04/17/2022,04/23/2022,2021-2022,ESSENCE,CDC Influenza DD v1,Influenza,Admissions,ALL,ALL,0.01,04/19/2025
202217,17,04/24/2022,04/30/2022,2021-2022,ESSENCE,CDC Influenza DD v1,Influenza,Admissions,ALL,ALL,0.01,04/26/2025
202217,17,04/24/2022,04/30/2022,2021-2022,ESSENCE,CDC Influenza DD v1,Influenza,ED Visits,ALL,ALL,0.01,04/26/2025
202218,18,05/01/2022,05/07/2022,2021-2022,ESSENCE,CDC Influenza DD v1,Influenza,ED Visits,ALL,ALL,0.01,05/03/2025
202218,18,05/01/2022,05/07/2022,2021-2022,ESSENCE,CDC Influenza DD v1,Influenza,Admissions,ALL,ALL,0.01,05/03/2025
202219,19,05/08/2022,05/14/2022,2021-2022,ESSENCE,CDC Influenza DD v1,Influenza,ED Visits,ALL,ALL,0.01,05/10/2025
202219,19,05/08/2022,05/14/2022,2021-2022,ESSENCE,CDC Influenza DD v1,Influenza,Admissions,ALL,ALL,0.01,05/10/2025
202220,20,05/15/2022,05/21/2022,2021-2022,ESSENCE,CDC Influenza DD v1,Influenza,ED Visits,ALL,ALL,0.01,05/17/2025
202220,20,05/15/2022,05/21/2022,2021-2022,ESSENCE,CDC Influenza DD v1,Influenza,Admissions,ALL,ALL,0.00,05/17/2025
202221,21,05/22/2022,05/28/2022,2021-2022,ESSENCE,CDC Influenza DD v1,Influenza,Admissions,ALL,ALL,0.00,05/24/2025
202221,21,05/22/2022,05/28/2022,2021-2022,ESSENCE,CDC Influenza DD v1,Influenza,ED Visits,ALL,ALL,0.00,05/24/2025
202222,22,05/29/2022,06/04/2022,2021-2022,ESSENCE,CDC Influenza DD v1,Influenza,Admissions,ALL,ALL,0.00,05/31/2025
202222,22,05/29/2022,06/04/2022,2021-2022,ESSENCE,CDC Influenza DD v1,Influenza,ED Visits,ALL,ALL,0.00,05/31/2025
202223,23,06/05/2022,06/11/2022,2021-2022,ESSENCE,CDC Influenza DD v1,Influenza,Admissions,ALL,ALL,0.00,06/07/2025
202223,23,06/05/2022,06/11/2022,2021-2022,ESSENCE,CDC Influenza DD v1,Influenza,ED Visits,ALL,ALL,0.00,06/07/2025
202224,24,06/12/2022,06/18/2022,2021-2022,ESSENCE,CDC Influenza DD v1,Influenza,ED Visits,ALL,ALL,0.00,06/14/2025
202224,24,06/12/2022,06/18/2022,2021-2022,ESSENCE,CDC Influenza DD v1,Influenza,Admissions,ALL,ALL,0.00,06/14/2025
202225,25,06/19/2022,06/25/2022,2021-2022,ESSENCE,CDC Influenza DD v1,Influenza,Admissions,ALL,ALL,0.00,06/21/2025
202225,25,06/19/2022,06/25/2022,2021-2022,ESSENCE,CDC Influenza DD v1,Influenza,ED Visits,ALL,ALL,0.00,06/21/2025
202226,26,06/26/2022,07/02/2022,2021-2022,ESSENCE,CDC Influenza DD v1,Influenza,ED Visits,ALL,ALL,0.00,06/28/2025
202226,26,06/26/2022,07/02/2022,2021-2022,ESSENCE,CDC Influenza DD v1,Influenza,Admissions,ALL,ALL,0.00,06/28/2025
202227,27,07/03/2022,07/09/2022,2021-2022,ESSENCE,CDC Influenza DD v1,Influenza,ED Visits,ALL,ALL,0.00,07/05/2025
202227,27,07/03/2022,07/09/2022,2021-2022,ESSENCE,CDC Influenza DD v1,Influenza,Admissions,ALL,ALL,0.00,07/05/2025
202228,28,07/10/2022,07/16/2022,2021-2022,ESSENCE,CDC Influenza DD v1,Influenza,ED Visits,ALL,ALL,0.00,07/12/2025
202228,28,07/10/2022,07/16/2022,2021-2022,ESSENCE,CDC Influenza DD v1,Influenza,Admissions,ALL,ALL,0.00,07/12/2025
202229,29,07/17/2022,07/23/2022,2021-2022,ESSENCE,CDC Influenza DD v1,Influenza,Admissions,ALL,ALL,0.00,07/19/2025
202229,29,07/17/2022,07/23/2022,2021-2022,ESSENCE,CDC Influenza DD v1,Influenza,ED Visits,ALL,ALL,0.00,07/19/2025
202230,30,07/24/2022,07/30/2022,2021-2022,ESSENCE,CDC Influenza DD v1,Influenza,ED Visits,ALL,ALL,0.00,07/26/2025
202230,30,07/24/2022,07/30/2022,2021-2022,ESSENCE,CDC Influenza DD v1,Influenza,Admissions,ALL,ALL,0.00,07/26/2025
202231,31,07/31/2022,08/06/2022,2021-2022,ESSENCE,CDC Influenza DD v1,Influenza,ED Visits,ALL,ALL,0.00,08/02/2025
202231,31,07/31/2022,08/06/2022,2021-2022,ESSENCE,CDC Influenza DD v1,Influenza,Admissions,ALL,ALL,0.00,08/02/2025
202232,32,08/07/2022,08/13/2022,2021-2022,ESSENCE,CDC Influenza DD v1,Influenza,Admissions,ALL,ALL,0.00,08/09/2025
202232,32,08/07/2022,08/13/2022,2021-2022,ESSENCE,CDC Influenza DD v1,Influenza,ED Visits,ALL,ALL,0.00,08/09/2025
202233,33,08/14/2022,08/20/2022,2021-2022,ESSENCE,CDC Influenza DD v1,Influenza,Admissions,ALL,ALL,0.00,08/16/2025
202233,33,08/14/2022,08/20/2022,2021-2022,ESSENCE,CDC Influenza DD v1,Influenza,ED Visits,ALL,ALL,0.00,08/16/2025
202234,34,08/21/2022,08/27/2022,2021-2022,ESSENCE,CDC Influenza DD v1,Influenza,Admissions,ALL,ALL,0.00,08/23/2025
202234,34,08/21/2022,08/27/2022,2021-2022,ESSENCE,CDC Influenza DD v1,Influenza,ED Visits,ALL,ALL,0.00,08/23/2025
202235,35,08/28/2022,09/03/2022,2021-2022,ESSENCE,CDC Influenza DD v1,Influenza,ED Visits,ALL,ALL,0.00,08/30/2025
202235,35,08/28/2022,09/03/2022,2021-2022,ESSENCE,CDC Influenza DD v1,Influenza,Admissions,ALL,ALL,0.00,08/30/2025
202236,36,09/04/2022,09/10/2022,2021-2022,ESSENCE,CDC Influenza DD v1,Influenza,Admissions,ALL,ALL,0.00,09/06/2025
202236,36,09/04/2022,09/10/2022,2021-2022,ESSENCE,CDC Influenza DD v1,Influenza,ED Visits,ALL,ALL,0.00,09/06/2025
202237,37,09/11/2022,09/17/2022,2021-2022,ESSENCE,CDC Influenza DD v1,Influenza,Admissions,ALL,ALL,0.00,09/13/2025
202237,37,09/11/2022,09/17/2022,2021-2022,ESSENCE,CDC Influenza DD v1,Influenza,ED Visits,ALL,ALL,0.00,09/13/2025
202238,38,09/18/2022,09/24/2022,2021-2022,ESSENCE,CDC Influenza DD v1,Influenza,ED Visits,ALL,ALL,0.00,09/20/2025
202238,38,09/18/2022,09/24/2022,2021-2022,ESSENCE,CDC Influenza DD v1,Influenza,Admissions,ALL,ALL,0.00,09/20/2025
202239,39,09/25/2022,10/01/2022,2021-2022,ESSENCE,CDC Influenza DD v1,Influenza,ED Visits,ALL,ALL,0.00,09/27/2025
202239,39,09/25/2022,10/01/2022,2021-2022,ESSENCE,CDC Influenza DD v1,Influenza,Admissions,ALL,ALL,0.00,09/27/2025
202240,40,10/02/2022,10/08/2022,2022-2023,ESSENCE,CDC Influenza DD v1,Influenza,Admissions,ALL,ALL,0.00,10/05/2024
202240,40,10/02/2022,10/08/2022,2022-2023,ESSENCE,CDC Influenza DD v1,Influenza,ED Visits,ALL,ALL,0.00,10/05/2024
202241,41,10/09/2022,10/15/2022,2022-2023,ESSENCE,CDC Influenza DD v1,Influenza,ED Visits,ALL,ALL,0.00,10/12/2024
202241,41,10/09/2022,10/15/2022,2022-2023,ESSENCE,CDC Influenza DD v1,Influenza,Admissions,ALL,ALL,0.00,10/12/2024
202242,42,10/16/2022,10/22/2022,2022-2023,ESSENCE,CDC Influenza DD v1,Influenza,ED Visits,ALL,ALL,0.00,10/19/2024
202242,42,10/16/2022,10/22/2022,2022-2023,ESSENCE,CDC Influenza DD v1,Influenza,Admissions,ALL,ALL,0.00,10/19/2024
202243,43,10/23/2022,10/29/2022,2022-2023,ESSENCE,CDC Influenza DD v1,Influenza,Admissions,ALL,ALL,0.00,10/26/2024
202243,43,10/23/2022,10/29/2022,2022-2023,ESSENCE,CDC Influenza DD v1,Influenza,ED Visits,ALL,ALL,0.01,10/26/2024
202244,44,10/30/2022,11/05/2022,2022-2023,ESSENCE,CDC Influenza DD v1,Influenza,Admissions,ALL,ALL,0.01,11/02/2024
202244,44,10/30/2022,11/05/2022,2022-2023,ESSENCE,CDC Influenza DD v1,Influenza,ED Visits,ALL,ALL,0.02,11/02/2024
202245,45,11/06/2022,11/12/2022,2022-2023,ESSENCE,CDC Influenza DD v1,Influenza,Admissions,ALL,ALL,0.01,11/09/2024
202245,45,11/06/2022,11/12/2022,2022-2023,ESSENCE,CDC Influenza DD v1,Influenza,ED Visits,ALL,ALL,0.03,11/09/2024
202246,46,11/13/2022,11/19/2022,2022-2023,ESSENCE,CDC Influenza DD v1,Influenza,Admissions,ALL,ALL,0.02,11/16/2024
202246,46,11/13/2022,11/19/2022,2022-2023,ESSENCE,CDC Influenza DD v1,Influenza,ED Visits,ALL,ALL,0.05,11/16/2024
202247,47,11/20/2022,11/26/2022,2022-2023,ESSENCE,CDC Influenza DD v1,Influenza,Admissions,ALL,ALL,0.04,11/23/2024
202247,47,11/20/2022,11/26/2022,2022-2023,ESSENCE,CDC Influenza DD v1,Influenza,ED Visits,ALL,ALL,0.09,11/23/2024
202248,48,11/27/2022,12/03/2022,2022-2023,ESSENCE,CDC Influenza DD v1,Influenza,ED Visits,ALL,ALL,0.07,11/30/2024
202248,48,11/27/2022,12/03/2022,2022-2023,ESSENCE,CDC Influenza DD v1,Influenza,Admissions,ALL,ALL,0.04,11/30/2024
202249,49,12/04/2022,12/10/2022,2022-2023,ESSENCE,CDC Influenza DD v1,Influenza,ED Visits,ALL,ALL,0.06,12/07/2024
202249,49,12/04/2022,12/10/2022,2022-2023,ESSENCE,CDC Influenza DD v1,Influenza,Admissions,ALL,ALL,0.04,12/07/2024
202250,50,12/11/2022,12/17/2022,2022-2023,ESSENCE,CDC Influenza DD v1,Influenza,Admissions,ALL,ALL,0.03,12/14/2024
202250,50,12/11/2022,12/17/2022,2022-2023,ESSENCE,CDC Influenza DD v1,Influenza,ED Visits,ALL,ALL,0.05,12/14/2024
202251,51,12/18/2022,12/24/2022,2022-2023,ESSENCE,CDC Influenza DD v1,Influenza,ED Visits,ALL,ALL,0.03,12/21/2024
202251,51,12/18/2022,12/24/2022,2022-2023,ESSENCE,CDC Influenza DD v1,Influenza,Admissions,ALL,ALL,0.02,12/21/2024
202252,52,12/25/2022,12/31/2022,2022-2023,ESSENCE,CDC Influenza DD v1,Influenza,Admissions,ALL,ALL,0.01,12/28/2024
202252,52,12/25/2022,12/31/2022,2022-2023,ESSENCE,CDC Influenza DD v1,Influenza,ED Visits,ALL,ALL,0.02,12/28/2024
202301,1,01/01/2023,01/07/2023,2022-2023,ESSENCE,CDC Influenza DD v1,Influenza,ED Visits,ALL,ALL,0.01,01/04/2025
202301,1,01/01/2023,01/07/2023,2022-2023,ESSENCE,CDC Influenza DD v1,Influenza,Admissions,ALL,ALL,0.01,01/04/2025
202302,2,01/08/2023,01/14/2023,2022-2023,ESSENCE,CDC Influenza DD v1,Influenza,Admissions,ALL,ALL,0.00,01/11/2025
202302,2,01/08/2023,01/14/2023,2022-2023,ESSENCE,CDC Influenza DD v1,Influenza,ED Visits,ALL,ALL,0.01,01/11/2025
202303,3,01/15/2023,01/21/2023,2022-2023,ESSENCE,CDC Influenza DD v1,Influenza,Admissions,ALL,ALL,0.00,01/18/2025
202303,3,01/15/2023,01/21/2023,2022-2023,ESSENCE,CDC Influenza DD v1,Influenza,ED Visits,ALL,ALL,0.00,01/18/2025
202304,4,01/22/2023,01/28/2023,2022-2023,ESSENCE,CDC Influenza DD v1,Influenza,Admissions,ALL,ALL,0.00,01/25/2025
202304,4,01/22/2023,01/28/2023,2022-2023,ESSENCE,CDC Influenza DD v1,Influenza,ED Visits,ALL,ALL,0.00,01/25/2025
202305,5,01/29/2023,02/04/2023,2022-2023,ESSENCE,CDC Influenza DD v1,Influenza,Admissions,ALL,ALL,0.00,02/01/2025
202305,5,01/29/2023,02/04/2023,2022-2023,ESSENCE,CDC Influenza DD v1,Influenza,ED Visits,ALL,ALL,0.00,02/01/2025
202306,6,02/05/2023,02/11/2023,2022-2023,ESSENCE,CDC Influenza DD v1,Influenza,ED Visits,ALL,ALL,0.00,02/08/2025
202306,6,02/05/2023,02/11/2023,2022-2023,ESSENCE,CDC Influenza DD v1,Influenza,Admissions,ALL,ALL,0.00,02/08/2025
202307,7,02/12/2023,02/18/2023,2022-2023,ESSENCE,CDC Influenza DD v1,Influenza,Admissions,ALL,ALL,0.00,02/15/2025
202307,7,02/12/2023,02/18/2023,2022-2023,ESSENCE,CDC Influenza DD v1,Influenza,ED Visits,ALL,ALL,0.00,02/15/2025
202308,8,02/19/2023,02/25/2023,2022-2023,ESSENCE,CDC Influenza DD v1,Influenza,Admissions,ALL,ALL,0.00,02/22/2025
202308,8,02/19/2023,02/25/2023,2022-2023,ESSENCE,CDC Influenza DD v1,Influenza,ED Visits,ALL,ALL,0.00,02/22/2025
202309,9,02/26/2023,03/04/2023,2022-2023,ESSENCE,CDC Influenza DD v1,Influenza,Admissions,ALL,ALL,0.00,03/01/2025
202309,9,02/26/2023,03/04/2023,2022-2023,ESSENCE,CDC Influenza DD v1,Influenza,ED Visits,ALL,ALL,0.00,03/01/2025
202310,10,03/05/2023,03/11/2023,2022-2023,ESSENCE,CDC Influenza DD v1,Influenza,Admissions,ALL,ALL,0.00,03/08/2025
202310,10,03/05/2023,03/11/2023,2022-2023,ESSENCE,CDC Influenza DD v1,Influenza,ED Visits,ALL,ALL,0.00,03/08/2025
202311,11,03/12/2023,03/18/2023,2022-2023,ESSENCE,CDC Influenza DD v1,Influenza,ED Visits,ALL,ALL,0.00,03/15/2025
202311,11,03/12/2023,03/18/2023,2022-2023,ESSENCE,CDC Influenza DD v1,Influenza,Admissions,ALL,ALL,0.00,03/15/2025
202312,12,03/19/2023,03/25/2023,2022-2023,ESSENCE,CDC Influenza DD v1,Influenza,ED Visits,ALL,ALL,0.00,03/22/2025
202312,12,03/19/2023,03/25/2023,2022-2023,ESSENCE,CDC Influenza DD v1,Influenza,Admissions,ALL,ALL,0.00,03/22/2025
202313,13,03/26/2023,04/01/2023,2022-2023,ESSENCE,CDC Influenza DD v1,Influenza,Admissions,ALL,ALL,0.00,03/29/2025
202313,13,03/26/2023,04/01/2023,2022-2023,ESSENCE,CDC Influenza DD v1,Influenza,ED Visits,ALL,ALL,0.00,03/29/2025
202314,14,04/02/2023,04/08/2023,2022-2023,ESSENCE,CDC Influenza DD v1,Influenza,ED Visits,ALL,ALL,0.00,04/05/2025
202314,14,04/02/2023,04/08/2023,2022-2023,ESSENCE,CDC Influenza DD v1,Influenza,Admissions,ALL,ALL,0.00,04/05/2025
202315,15,04/09/2023,04/15/2023,2022-2023,ESSENCE,CDC Influenza DD v1,Influenza,ED Visits,ALL,ALL,0.00,04/12/2025
202315,15,04/09/2023,04/15/2023,2022-2023,ESSENCE,CDC Influenza DD v1,Influenza,Admissions,ALL,ALL,0.00,04/12/2025
202316,16,04/16/2023,04/22/2023,2022-2023,ESSENCE,CDC Influenza DD v1,Influenza,ED Visits,ALL,ALL,0.00,04/19/2025
202316,16,04/16/2023,04/22/2023,2022-2023,ESSENCE,CDC Influenza DD v1,Influenza,Admissions,ALL,ALL,0.00,04/19/2025
202317,17,04/23/2023,04/29/2023,2022-2023,ESSENCE,CDC Influenza DD v1,Influenza,Admissions,ALL,ALL,0.00,04/26/2025
202317,17,04/23/2023,04/29/2023,2022-2023,ESSENCE,CDC Influenza DD v1,Influenza,ED Visits,ALL,ALL,0.00,04/26/2025
202318,18,04/30/2023,05/06/2023,2022-2023,ESSENCE,CDC Influenza DD v1,Influenza,Admissions,ALL,ALL,0.00,05/03/2025
202318,18,04/30/2023,05/06/2023,2022-2023,ESSENCE,CDC Influenza DD v1,Influenza,ED Visits,ALL,ALL,0.00,05/03/2025
202319,19,05/07/2023,05/13/2023,2022-2023,ESSENCE,CDC Influenza DD v1,Influenza,ED Visits,ALL,ALL,0.00,05/10/2025
202319,19,05/07/2023,05/13/2023,2022-2023,ESSENCE,CDC Influenza DD v1,Influenza,Admissions,ALL,ALL,0.00,05/10/2025
202320,20,05/14/2023,05/20/2023,2022-2023,ESSENCE,CDC Influenza DD v1,Influenza,Admissions,ALL,ALL,0.00,05/17/2025
202320,20,05/14/2023,05/20/2023,2022-2023,ESSENCE,CDC Influenza DD v1,Influenza,ED Visits,ALL,ALL,0.00,05/17/2025
202321,21,05/21/2023,05/27/2023,2022-2023,ESSENCE,CDC Influenza DD v1,Influenza,ED Visits,ALL,ALL,0.00,05/24/2025
202321,21,05/21/2023,05/27/2023,2022-2023,ESSENCE,CDC Influenza DD v1,Influenza,Admissions,ALL,ALL,0.00,05/24/2025
202322,22,05/28/2023,06/03/2023,2022-2023,ESSENCE,CDC Influenza DD v1,Influenza,Admissions,ALL,ALL,0.00,05/31/2025
202322,22,05/28/2023,06/03/2023,2022-2023,ESSENCE,CDC Influenza DD v1,Influenza,ED Visits,ALL,ALL,0.00,05/31/2025
202323,23,06/04/2023,06/10/2023,2022-2023,ESSENCE,CDC Influenza DD v1,Influenza,Admissions,ALL,ALL,0.00,06/07/2025
202323,23,06/04/2023,06/10/2023,2022-2023,ESSENCE,CDC Influenza DD v1,Influenza,ED Visits,ALL,ALL,0.00,06/07/2025
202324,24,06/11/2023,06/17/2023,2022-2023,ESSENCE,CDC Influenza DD v1,Influenza,Admissions,ALL,ALL,0.00,06/14/2025
202324,24,06/11/2023,06/17/2023,2022-2023,ESSENCE,CDC Influenza DD v1,Influenza,ED Visits,ALL,ALL,0.00,06/14/2025
202325,25,06/18/2023,06/24/2023,2022-2023,ESSENCE,CDC Influenza DD v1,Influenza,Admissions,ALL,ALL,0.00,06/21/2025
202325,25,06/18/2023,06/24/2023,2022-2023,ESSENCE,CDC Influenza DD v1,Influenza,ED Visits,ALL,ALL,0.00,06/21/2025
202326,26,06/25/2023,07/01/2023,2022-2023,ESSENCE,CDC Influenza DD v1,Influenza,Admissions,ALL,ALL,0.00,06/28/2025
202326,26,06/25/2023,07/01/2023,2022-2023,ESSENCE,CDC Influenza DD v1,Influenza,ED Visits,ALL,ALL,0.00,06/28/2025
202327,27,07/02/2023,07/08/2023,2022-2023,ESSENCE,CDC Influenza DD v1,Influenza,Admissions,ALL,ALL,0.00,07/05/2025
202327,27,07/02/2023,07/08/2023,2022-2023,ESSENCE,CDC Influenza DD v1,Influenza,ED Visits,ALL,ALL,0.00,07/05/2025
202328,28,07/09/2023,07/15/2023,2022-2023,ESSENCE,CDC Influenza DD v1,Influenza,ED Visits,ALL,ALL,0.00,07/12/2025
202328,28,07/09/2023,07/15/2023,2022-2023,ESSENCE,CDC Influenza DD v1,Influenza,Admissions,ALL,ALL,0.00,07/12/2025
202329,29,07/16/2023,07/22/2023,2022-2023,ESSENCE,CDC Influenza DD v1,Influenza,ED Visits,ALL,ALL,0.00,07/19/2025
202329,29,07/16/2023,07/22/2023,2022-2023,ESSENCE,CDC Influenza DD v1,Influenza,Admissions,ALL,ALL,0.00,07/19/2025
202330,30,07/23/2023,07/29/2023,2022-2023,ESSENCE,CDC Influenza DD v1,Influenza,Admissions,ALL,ALL,0.00,07/26/2025
202330,30,07/23/2023,07/29/2023,2022-2023,ESSENCE,CDC Influenza DD v1,Influenza,ED Visits,ALL,ALL,0.00,07/26/2025
202331,31,07/30/2023,08/05/2023,2022-2023,ESSENCE,CDC Influenza DD v1,Influenza,ED Visits,ALL,ALL,0.00,08/02/2025
202331,31,07/30/2023,08/05/2023,2022-2023,ESSENCE,CDC Influenza DD v1,Influenza,Admissions,ALL,ALL,0.00,08/02/2025
202332,32,08/06/2023,08/12/2023,2022-2023,ESSENCE,CDC Influenza DD v1,Influenza,Admissions,ALL,ALL,0.00,08/09/2025
202332,32,08/06/2023,08/12/2023,2022-2023,ESSENCE,CDC Influenza DD v1,Influenza,ED Visits,ALL,ALL,0.00,08/09/2025
202333,33,08/13/2023,08/19/2023,2022-2023,ESSENCE,CDC Influenza DD v1,Influenza,ED Visits,ALL,ALL,0.00,08/16/2025
202333,33,08/13/2023,08/19/2023,2022-2023,ESSENCE,CDC Influenza DD v1,Influenza,Admissions,ALL,ALL,0.00,08/16/2025
202334,34,08/20/2023,08/26/2023,2022-2023,ESSENCE,CDC Influenza DD v1,Influenza,Admissions,ALL,ALL,0.00,08/23/2025
202334,34,08/20/2023,08/26/2023,2022-2023,ESSENCE,CDC Influenza DD v1,Influenza,ED Visits,ALL,ALL,0.00,08/23/2025
202335,35,08/27/2023,09/02/2023,2022-2023,ESSENCE,CDC Influenza DD v1,Influenza,ED Visits,ALL,ALL,0.00,08/30/2025
202335,35,08/27/2023,09/02/2023,2022-2023,ESSENCE,CDC Influenza DD v1,Influenza,Admissions,ALL,ALL,0.00,08/30/2025
202336,36,09/03/2023,09/09/2023,2022-2023,ESSENCE,CDC Influenza DD v1,Influenza,Admissions,ALL,ALL,0.00,09/06/2025
202336,36,09/03/2023,09/09/2023,2022-2023,ESSENCE,CDC Influenza DD v1,Influenza,ED Visits,ALL,ALL,0.00,09/06/2025
202337,37,09/10/2023,09/16/2023,2022-2023,ESSENCE,CDC Influenza DD v1,Influenza,Admissions,ALL,ALL,0.00,09/13/2025
202337,37,09/10/2023,09/16/2023,2022-2023,ESSENCE,CDC Influenza DD v1,Influenza,ED Visits,ALL,ALL,0.00,09/13/2025
202338,38,09/17/2023,09/23/2023,2022-2023,ESSENCE,CDC Influenza DD v1,Influenza,Admissions,ALL,ALL,0.00,09/20/2025
202338,38,09/17/2023,09/23/2023,2022-2023,ESSENCE,CDC Influenza DD v1,Influenza,ED Visits,ALL,ALL,0.00,09/20/2025
202339,39,09/24/2023,09/30/2023,2022-2023,ESSENCE,CDC Influenza DD v1,Influenza,Admissions,ALL,ALL,0.00,09/27/2025
202339,39,09/24/2023,09/30/2023,2022-2023,ESSENCE,CDC Influenza DD v1,Influenza,ED Visits,ALL,ALL,0.00,09/27/2025
202340,40,10/01/2023,10/07/2023,2023-2024,ESSENCE,CDC Influenza DD v1,Influenza,Admissions,ALL,ALL,0.00,10/05/2024
202340,40,10/01/2023,10/07/2023,2023-2024,ESSENCE,CDC Influenza DD v1,Influenza,ED Visits,ALL,ALL,0.00,10/05/2024
202341,41,10/08/2023,10/14/2023,2023-2024,ESSENCE,CDC Influenza DD v1,Influenza,Admissions,ALL,ALL,0.00,10/12/2024
202341,41,10/08/2023,10/14/2023,2023-2024,ESSENCE,CDC Influenza DD v1,Influenza,ED Visits,ALL,ALL,0.00,10/12/2024
202342,42,10/15/2023,10/21/2023,2023-2024,ESSENCE,CDC Influenza DD v1,Influenza,ED Visits,ALL,ALL,0.00,10/19/2024
202342,42,10/15/2023,10/21/2023,2023-2024,ESSENCE,CDC Influenza DD v1,Influenza,Admissions,ALL,ALL,0.00,10/19/2024
202343,43,10/22/2023,10/28/2023,2023-2024,ESSENCE,CDC Influenza DD v1,Influenza,ED Visits,ALL,ALL,0.00,10/26/2024
202343,43,10/22/2023,10/28/2023,2023-2024,ESSENCE,CDC Influenza DD v1,Influenza,Admissions,ALL,ALL,0.00,10/26/2024
202344,44,10/29/2023,11/04/2023,2023-2024,ESSENCE,CDC Influenza DD v1,Influenza,Admissions,ALL,ALL,0.00,11/02/2024
202344,44,10/29/2023,11/04/2023,2023-2024,ESSENCE,CDC Influenza DD v1,Influenza,ED Visits,ALL,ALL,0.00,11/02/2024
202345,45,11/05/2023,11/11/2023,2023-2024,ESSENCE,CDC Influenza DD v1,Influenza,Admissions,ALL,ALL,0.00,11/09/2024
202345,45,11/05/2023,11/11/2023,2023-2024,ESSENCE,CDC Influenza DD v1,Influenza,ED Visits,ALL,ALL,0.01,11/09/2024
202346,46,11/12/2023,11/18/2023,2023-2024,ESSENCE,CDC Influenza DD v1,Influenza,ED Visits,ALL,ALL,0.01,11/16/2024
202346,46,11/12/2023,11/18/2023,2023-2024,ESSENCE,CDC Influenza DD v1,Influenza,Admissions,ALL,ALL,0.00,11/16/2024
202347,47,11/19/2023,11/25/2023,2023-2024,ESSENCE,CDC Influenza DD v1,Influenza,ED Visits,ALL,ALL,0.01,11/23/2024
202347,47,11/19/2023,11/25/2023,2023-2024,ESSENCE,CDC Influenza DD v1,Influenza,Admissions,ALL,ALL,0.01,11/23/2024
202348,48,11/26/2023,12/02/2023,2023-2024,ESSENCE,CDC Influenza DD v1,Influenza,ED Visits,ALL,ALL,0.01,11/30/2024
202348,48,11/26/2023,12/02/2023,2023-2024,ESSENCE,CDC Influenza DD v1,Influenza,Admissions,ALL,ALL,0.01,11/30/2024
202349,49,12/03/2023,12/09/2023,2023-2024,ESSENCE,CDC Influenza DD v1,Influenza,ED Visits,ALL,ALL,0.02,12/07/2024
202349,49,12/03/2023,12/09/2023,2023-2024,ESSENCE,CDC Influenza DD v1,Influenza,Admissions,ALL,ALL,0.01,12/07/2024
202350,50,12/10/2023,12/16/2023,2023-2024,ESSENCE,CDC Influenza DD v1,Influenza,Admissions,ALL,ALL,0.02,12/14/2024
202350,50,12/10/2023,12/16/2023,2023-2024,ESSENCE,CDC Influenza DD v1,Influenza,ED Visits,ALL,ALL,0.03,12/14/2024
202351,51,12/17/2023,12/23/2023,2023-2024,ESSENCE,CDC Influenza DD v1,Influenza,ED Visits,ALL,ALL,0.05,12/21/2024
202351,51,12/17/2023,12/23/2023,2023-2024,ESSENCE,CDC Influenza DD v1,Influenza,Admissions,ALL,ALL,0.03,12/21/2024
202352,52,12/24/2023,12/30/2023,2023-2024,ESSENCE,CDC Influenza DD v1,Influenza,Admissions,ALL,ALL,0.04,12/28/2024
202352,52,12/24/2023,12/30/2023,2023-2024,ESSENCE,CDC Influenza DD v1,Influenza,ED Visits,ALL,ALL,0.05,12/28/2024
202401,1,12/31/2023,01/06/2024,2023-2024,ESSENCE,CDC Influenza DD v1,Influenza,Admissions,ALL,ALL,0.03,01/04/2025
202401,1,12/31/2023,01/06/2024,2023-2024,ESSENCE,CDC Influenza DD v1,Influenza,ED Visits,ALL,ALL,0.04,01/04/2025
202402,2,01/07/2024,01/13/2024,2023-2024,ESSENCE,CDC Influenza DD v1,Influenza,Admissions,ALL,ALL,0.02,01/11/2025
202402,2,01/07/2024,01/13/2024,2023-2024,ESSENCE,CDC Influenza DD v1,Influenza,ED Visits,ALL,ALL,0.03,01/11/2025
202403,3,01/14/2024,01/20/2024,2023-2024,ESSENCE,CDC Influenza DD v1,Influenza,Admissions,ALL,ALL,0.01,01/18/2025
202403,3,01/14/2024,01/20/2024,2023-2024,ESSENCE,CDC Influenza DD v1,Influenza,ED Visits,ALL,ALL,0.02,01/18/2025
202404,4,01/21/2024,01/27/2024,2023-2024,ESSENCE,CDC Influenza DD v1,Influenza,ED Visits,ALL,ALL,0.02,01/25/2025
202404,4,01/21/2024,01/27/2024,2023-2024,ESSENCE,CDC Influenza DD v1,Influenza,Admissions,ALL,ALL,0.01,01/25/2025
202405,5,01/28/2024,02/03/2024,2023-2024,ESSENCE,CDC Influenza DD v1,Influenza,ED Visits,ALL,ALL,0.02,02/01/2025
202405,5,01/28/2024,02/03/2024,2023-2024,ESSENCE,CDC Influenza DD v1,Influenza,Admissions,ALL,ALL,0.01,02/01/2025
202406,6,02/04/2024,02/10/2024,2023-2024,ESSENCE,CDC Influenza DD v1,Influenza,ED Visits,ALL,ALL,0.02,02/08/2025
202406,6,02/04/2024,02/10/2024,2023-2024,ESSENCE,CDC Influenza DD v1,Influenza,Admissions,ALL,ALL,0.01,02/08/2025
202407,7,02/11/2024,02/17/2024,2023-2024,ESSENCE,CDC Influenza DD v1,Influenza,ED Visits,ALL,ALL,0.02,02/15/2025
202407,7,02/11/2024,02/17/2024,2023-2024,ESSENCE,CDC Influenza DD v1,Influenza,Admissions,ALL,ALL,0.01,02/15/2025
202408,8,02/18/2024,02/24/2024,2023-2024,ESSENCE,CDC Influenza DD v1,Influenza,ED Visits,ALL,ALL,0.02,02/22/2025
202408,8,02/18/2024,02/24/2024,2023-2024,ESSENCE,CDC Influenza DD v1,Influenza,Admissions,ALL,ALL,0.01,02/22/2025
202409,9,02/25/2024,03/02/2024,2023-2024,ESSENCE,CDC Influenza DD v1,Influenza,ED Visits,ALL,ALL,0.02,03/01/2025
202409,9,02/25/2024,03/02/2024,2023-2024,ESSENCE,CDC Influenza DD v1,Influenza,Admissions,ALL,ALL,0.01,03/01/2025
202410,10,03/03/2024,03/09/2024,2023-2024,ESSENCE,CDC Influenza DD v1,Influenza,ED Visits,ALL,ALL,0.03,03/08/2025
202410,10,03/03/2024,03/09/2024,2023-2024,ESSENCE,CDC Influenza DD v1,Influenza,Admissions,ALL,ALL,0.01,03/08/2025
202411,11,03/10/2024,03/16/2024,2023-2024,ESSENCE,CDC Influenza DD v1,Influenza,Admissions,ALL,ALL,0.01,03/15/2025
202411,11,03/10/2024,03/16/2024,2023-2024,ESSENCE,CDC Influenza DD v1,Influenza,ED Visits,ALL,ALL,0.02,03/15/2025
202412,12,03/17/2024,03/23/2024,2023-2024,ESSENCE,CDC Influenza DD v1,Influenza,Admissions,ALL,ALL,0.01,03/22/2025
202412,12,03/17/2024,03/23/2024,2023-2024,ESSENCE,CDC Influenza DD v1,Influenza,ED Visits,ALL,ALL,0.02,03/22/2025
202413,13,03/24/2024,03/30/2024,2023-2024,ESSENCE,CDC Influenza DD v1,Influenza,Admissions,ALL,ALL,0.01,03/29/2025
202413,13,03/24/2024,03/30/2024,2023-2024,ESSENCE,CDC Influenza DD v1,Influenza,ED Visits,ALL,ALL,0.02,03/29/2025
202414,14,03/31/2024,04/06/2024,2023-2024,ESSENCE,CDC Influenza DD v1,Influenza,Admissions,ALL,ALL,0.01,04/05/2025
202414,14,03/31/2024,04/06/2024,2023-2024,ESSENCE,CDC Influenza DD v1,Influenza,ED Visits,ALL,ALL,0.02,04/05/2025
202415,15,04/07/2024,04/13/2024,2023-2024,ESSENCE,CDC Influenza DD v1,Influenza,Admissions,ALL,ALL,0.01,04/12/2025
202415,15,04/07/2024,04/13/2024,2023-2024,ESSENCE,CDC Influenza DD v1,Influenza,ED Visits,ALL,ALL,0.01,04/12/2025
202416,16,04/14/2024,04/20/2024,2023-2024,ESSENCE,CDC Influenza DD v1,Influenza,ED Visits,ALL,ALL,0.01,04/19/2025
202416,16,04/14/2024,04/20/2024,2023-2024,ESSENCE,CDC Influenza DD v1,Influenza,Admissions,ALL,ALL,0.01,04/19/2025
202417,17,04/21/2024,04/27/2024,2023-2024,ESSENCE,CDC Influenza DD v1,Influenza,ED Visits,ALL,ALL,0.01,04/26/2025
202417,17,04/21/2024,04/27/2024,2023-2024,ESSENCE,CDC Influenza DD v1,Influenza,Admissions,ALL,ALL,0.00,04/26/2025
202418,18,04/28/2024,05/04/2024,2023-2024,ESSENCE,CDC Influenza DD v1,Influenza,ED Visits,ALL,ALL,0.01,05/03/2025
202418,18,04/28/2024,05/04/2024,2023-2024,ESSENCE,CDC Influenza DD v1,Influenza,Admissions,ALL,ALL,0.00,05/03/2025
202419,19,05/05/2024,05/11/2024,2023-2024,ESSENCE,CDC Influenza DD v1,Influenza,Admissions,ALL,ALL,0.00,05/10/2025
202419,19,05/05/2024,05/11/2024,2023-2024,ESSENCE,CDC Influenza DD v1,Influenza,ED Visits,ALL,ALL,0.00,05/10/2025
202420,20,05/12/2024,05/18/2024,2023-2024,ESSENCE,CDC Influenza DD v1,Influenza,Admissions,ALL,ALL,0.00,05/17/2025
202420,20,05/12/2024,05/18/2024,2023-2024,ESSENCE,CDC Influenza DD v1,Influenza,ED Visits,ALL,ALL,0.00,05/17/2025
202421,21,05/19/2024,05/25/2024,2023-2024,ESSENCE,CDC Influenza DD v1,Influenza,ED Visits,ALL,ALL,0.00,05/24/2025
202421,21,05/19/2024,05/25/2024,2023-2024,ESSENCE,CDC Influenza DD v1,Influenza,Admissions,ALL,ALL,0.00,05/24/2025
202422,22,05/26/2024,06/01/2024,2023-2024,ESSENCE,CDC Influenza DD v1,Influenza,ED Visits,ALL,ALL,0.00,05/31/2025
202422,22,05/26/2024,06/01/2024,2023-2024,ESSENCE,CDC Influenza DD v1,Influenza,Admissions,ALL,ALL,0.00,05/31/2025
202423,23,06/02/2024,06/08/2024,2023-2024,ESSENCE,CDC Influenza DD v1,Influenza,Admissions,ALL,ALL,0.00,06/07/2025
202423,23,06/02/2024,06/08/2024,2023-2024,ESSENCE,CDC Influenza DD v1,Influenza,ED Visits,ALL,ALL,0.00,06/07/2025
202424,24,06/09/2024,06/15/2024,2023-2024,ESSENCE,CDC Influenza DD v1,Influenza,Admissions,ALL,ALL,0.00,06/14/2025
202424,24,06/09/2024,06/15/2024,2023-2024,ESSENCE,CDC Influenza DD v1,Influenza,ED Visits,ALL,ALL,0.00,06/14/2025
202425,25,06/16/2024,06/22/2024,2023-2024,ESSENCE,CDC Influenza DD v1,Influenza,Admissions,ALL,ALL,0.00,06/21/2025
202425,25,06/16/2024,06/22/2024,2023-2024,ESSENCE,CDC Influenza DD v1,Influenza,ED Visits,ALL,ALL,0.00,06/21/2025
202426,26,06/23/2024,06/29/2024,2023-2024,ESSENCE,CDC Influenza DD v1,Influenza,Admissions,ALL,ALL,0.00,06/28/2025
202426,26,06/23/2024,06/29/2024,2023-2024,ESSENCE,CDC Influenza DD v1,Influenza,ED Visits,ALL,ALL,0.00,06/28/2025
202427,27,06/30/2024,07/06/2024,2023-2024,ESSENCE,CDC Influenza DD v1,Influenza,ED Visits,ALL,ALL,0.00,07/05/2025
202427,27,06/30/2024,07/06/2024,2023-2024,ESSENCE,CDC Influenza DD v1,Influenza,Admissions,ALL,ALL,0.00,07/05/2025
202428,28,07/07/2024,07/13/2024,2023-2024,ESSENCE,CDC Influenza DD v1,Influenza,Admissions,ALL,ALL,0.00,07/12/2025
202428,28,07/07/2024,07/13/2024,2023-2024,ESSENCE,CDC Influenza DD v1,Influenza,ED Visits,ALL,ALL,0.00,07/12/2025
202429,29,07/14/2024,07/20/2024,2023-2024,ESSENCE,CDC Influenza DD v1,Influenza,Admissions,ALL,ALL,0.00,07/19/2025
202429,29,07/14/2024,07/20/2024,2023-2024,ESSENCE,CDC Influenza DD v1,Influenza,ED Visits,ALL,ALL,0.00,07/19/2025
202430,30,07/21/2024,07/27/2024,2023-2024,ESSENCE,CDC Influenza DD v1,Influenza,ED Visits,ALL,ALL,0.00,07/26/2025
202430,30,07/21/2024,07/27/2024,2023-2024,ESSENCE,CDC Influenza DD v1,Influenza,Admissions,ALL,ALL,0.00,07/26/2025
202431,31,07/28/2024,08/03/2024,2023-2024,ESSENCE,CDC Influenza DD v1,Influenza,ED Visits,ALL,ALL,0.00,08/02/2025
202431,31,07/28/2024,08/03/2024,2023-2024,ESSENCE,CDC Influenza DD v1,Influenza,Admissions,ALL,ALL,0.00,08/02/2025
202432,32,08/04/2024,08/10/2024,2023-2024,ESSENCE,CDC Influenza DD v1,Influenza,ED Visits,ALL,ALL,0.00,08/09/2025
202432,32,08/04/2024,08/10/2024,2023-2024,ESSENCE,CDC Influenza DD v1,Influenza,Admissions,ALL,ALL,0.00,08/09/2025
202433,33,08/11/2024,08/17/2024,2023-2024,ESSENCE,CDC Influenza DD v1,Influenza,Admissions,ALL,ALL,0.00,08/16/2025
202433,33,08/11/2024,08/17/2024,2023-2024,ESSENCE,CDC Influenza DD v1,Influenza,ED Visits,ALL,ALL,0.00,08/16/2025
202434,34,08/18/2024,08/24/2024,2023-2024,ESSENCE,CDC Influenza DD v1,Influenza,Admissions,ALL,ALL,0.00,08/23/2025
202434,34,08/18/2024,08/24/2024,2023-2024,ESSENCE,CDC Influenza DD v1,Influenza,ED Visits,ALL,ALL,0.00,08/23/2025
202435,35,08/25/2024,08/31/2024,2023-2024,ESSENCE,CDC Influenza DD v1,Influenza,Admissions,ALL,ALL,0.00,08/30/2025
202435,35,08/25/2024,08/31/2024,2023-2024,ESSENCE,CDC Influenza DD v1,Influenza,ED Visits,ALL,ALL,0.00,08/30/2025
202436,36,09/01/2024,09/07/2024,2023-2024,ESSENCE,CDC Influenza DD v1,Influenza,Admissions,ALL,ALL,0.00,09/06/2025
202436,36,09/01/2024,09/07/2024,2023-2024,ESSENCE,CDC Influenza DD v1,Influenza,ED Visits,ALL,ALL,0.00,09/06/2025
202437,37,09/08/2024,09/14/2024,2023-2024,ESSENCE,CDC Influenza DD v1,Influenza,Admissions,ALL,ALL,0.00,09/13/2025
202437,37,09/08/2024,09/14/2024,2023-2024,ESSENCE,CDC Influenza DD v1,Influenza,ED Visits,ALL,ALL,0.00,09/13/2025
202438,38,09/15/2024,09/21/2024,2023-2024,ESSENCE,CDC Influenza DD v1,Influenza,Admissions,ALL,ALL,0.00,09/20/2025
202438,38,09/15/2024,09/21/2024,2023-2024,ESSENCE,CDC Influenza DD v1,Influenza,ED Visits,ALL,ALL,0.00,09/20/2025
202439,39,09/22/2024,09/28/2024,2023-2024,ESSENCE,CDC Influenza DD v1,Influenza,ED Visits,ALL,ALL,0.00,09/27/2025
202439,39,09/22/2024,09/28/2024,2023-2024,ESSENCE,CDC Influenza DD v1,Influenza,Admissions,ALL,ALL,0.00,09/27/2025
202440,40,09/29/2024,10/05/2024,2024-2025,ESSENCE,CDC Influenza DD v1,Influenza,ED Visits,ALL,ALL,0.00,10/05/2024
202440,40,09/29/2024,10/05/2024,2024-2025,ESSENCE,CDC Influenza DD v1,Influenza,Admissions,ALL,ALL,0.00,10/05/2024
202441,41,10/06/2024,10/12/2024,2024-2025,ESSENCE,CDC Influenza DD v1,Influenza,Admissions,ALL,ALL,0.00,10/12/2024
202441,41,10/06/2024,10/12/2024,2024-2025,ESSENCE,CDC Influenza DD v1,Influenza,ED Visits,ALL,ALL,0.00,10/12/2024
202442,42,10/13/2024,10/19/2024,2024-2025,ESSENCE,CDC Influenza DD v1,Influenza,Admissions,ALL,ALL,0.00,10/19/2024
202442,42,10/13/2024,10/19/2024,2024-2025,ESSENCE,CDC Influenza DD v1,Influenza,ED Visits,ALL,ALL,0.00,10/19/2024
202443,43,10/20/2024,10/26/2024,2024-2025,ESSENCE,CDC Influenza DD v1,Influenza,ED Visits,ALL,ALL,0.00,10/26/2024
202443,43,10/20/2024,10/26/2024,2024-2025,ESSENCE,CDC Influenza DD v1,Influenza,Admissions,ALL,ALL,0.00,10/26/2024
202444,44,10/27/2024,11/02/2024,2024-2025,ESSENCE,CDC Influenza DD v1,Influenza,ED Visits,ALL,ALL,0.00,11/02/2024
202444,44,10/27/2024,11/02/2024,2024-2025,ESSENCE,CDC Influenza DD v1,Influenza,Admissions,ALL,ALL,0.00,11/02/2024
202445,45,11/03/2024,11/09/2024,2024-2025,ESSENCE,CDC Influenza DD v1,Influenza,ED Visits,ALL,ALL,0.00,11/09/2024
202445,45,11/03/2024,11/09/2024,2024-2025,ESSENCE,CDC Influenza DD v1,Influenza,Admissions,ALL,ALL,0.00,11/09/2024
202446,46,11/10/2024,11/16/2024,2024-2025,ESSENCE,CDC Influenza DD v1,Influenza,Admissions,ALL,ALL,0.00,11/16/2024
202446,46,11/10/2024,11/16/2024,2024-2025,ESSENCE,CDC Influenza DD v1,Influenza,ED Visits,ALL,ALL,0.00,11/16/2024
202447,47,11/17/2024,11/23/2024,2024-2025,ESSENCE,CDC Influenza DD v1,Influenza,ED Visits,ALL,ALL,0.00,11/23/2024
202447,47,11/17/2024,11/23/2024,2024-2025,ESSENCE,CDC Influenza DD v1,Influenza,Admissions,ALL,ALL,0.00,11/23/2024
202448,48,11/24/2024,11/30/2024,2024-2025,ESSENCE,CDC Influenza DD v1,Influenza,ED Visits,ALL,ALL,0.00,11/30/2024
202448,48,11/24/2024,11/30/2024,2024-2025,ESSENCE,CDC Influenza DD v1,Influenza,Admissions,ALL,ALL,0.00,11/30/2024
202449,49,12/01/2024,12/07/2024,2024-2025,ESSENCE,CDC Influenza DD v1,Influenza,ED Visits,ALL,ALL,0.01,12/07/2024
202449,49,12/01/2024,12/07/2024,2024-2025,ESSENCE,CDC Influenza DD v1,Influenza,Admissions,ALL,ALL,0.00,12/07/2024
202450,50,12/08/2024,12/14/2024,2024-2025,ESSENCE,CDC Influenza DD v1,Influenza,Admissions,ALL,ALL,0.01,12/14/2024
202450,50,12/08/2024,12/14/2024,2024-2025,ESSENCE,CDC Influenza DD v1,Influenza,ED Visits,ALL,ALL,0.02,12/14/2024
202451,51,12/15/2024,12/21/2024,2024-2025,ESSENCE,CDC Influenza DD v1,Influenza,Admissions,ALL,ALL,0.02,12/21/2024
202451,51,12/15/2024,12/21/2024,2024-2025,ESSENCE,CDC Influenza DD v1,Influenza,ED Visits,ALL,ALL,0.03,12/21/2024
202452,52,12/22/2024,12/28/2024,2024-2025,ESSENCE,CDC Influenza DD v1,Influenza,Admissions,ALL,ALL,0.04,12/28/2024
202452,52,12/22/2024,12/28/2024,2024-2025,ESSENCE,CDC Influenza DD v1,Influenza,ED Visits,ALL,ALL,0.06,12/28/2024
202501,1,12/29/2024,01/04/2025,2024-2025,ESSENCE,CDC Influenza DD v1,Influenza,ED Visits,ALL,ALL,0.06,01/04/2025
202501,1,12/29/2024,01/04/2025,2024-2025,ESSENCE,CDC Influenza DD v1,Influenza,Admissions,ALL,ALL,0.04,01/04/2025
202502,2,01/05/2025,01/11/2025,2024-2025,ESSENCE,CDC Influenza DD v1,Influenza,ED Visits,ALL,ALL,0.05,01/11/2025
202502,2,01/05/2025,01/11/2025,2024-2025,ESSENCE,CDC Influenza DD v1,Influenza,Admissions,ALL,ALL,0.04,01/11/2025
202503,3,01/12/2025,01/18/2025,2024-2025,ESSENCE,CDC Influenza DD v1,Influenza,Admissions,ALL,ALL,0.04,01/18/2025
202503,3,01/12/2025,01/18/2025,2024-2025,ESSENCE,CDC Influenza DD v1,Influenza,ED Visits,ALL,ALL,0.06,01/18/2025
202504,4,01/19/2025,01/25/2025,2024-2025,ESSENCE,CDC Influenza DD v1,Influenza,Admissions,ALL,ALL,0.05,01/25/2025
202504,4,01/19/2025,01/25/2025,2024-2025,ESSENCE,CDC Influenza DD v1,Influenza,ED Visits,ALL,ALL,0.07,01/25/2025
202505,5,01/26/2025,02/01/2025,2024-2025,ESSENCE,CDC Influenza DD v1,Influenza,Admissions,ALL,ALL,0.05,02/01/2025
202505,5,01/26/2025,02/01/2025,2024-2025,ESSENCE,CDC Influenza DD v1,Influenza,ED Visits,ALL,ALL,0.06,02/01/2025
202506,6,02/02/2025,02/08/2025,2024-2025,ESSENCE,CDC Influenza DD v1,Influenza,Admissions,ALL,ALL,0.04,02/08/2025
202506,6,02/02/2025,02/08/2025,2024-2025,ESSENCE,CDC Influenza DD v1,Influenza,ED Visits,ALL,ALL,0.06,02/08/2025
202507,7,02/09/2025,02/15/2025,2024-2025,ESSENCE,CDC Influenza DD v1,Influenza,ED Visits,ALL,ALL,0.05,02/15/2025
202507,7,02/09/2025,02/15/2025,2024-2025,ESSENCE,CDC Influenza DD v1,Influenza,Admissions,ALL,ALL,0.03,02/15/2025
202508,8,02/16/2025,02/22/2025,2024-2025,ESSENCE,CDC Influenza DD v1,Influenza,ED Visits,ALL,ALL,0.05,02/22/2025
202508,8,02/16/2025,02/22/2025,2024-2025,ESSENCE,CDC Influenza DD v1,Influenza,Admissions,ALL,ALL,0.03,02/22/2025
202509,9,02/23/2025,03/01/2025,2024-2025,ESSENCE,CDC Influenza DD v1,Influenza,Admissions,ALL,ALL,0.02,03/01/2025
202509,9,02/23/2025,03/01/2025,2024-2025,ESSENCE,CDC Influenza DD v1,Influenza,ED Visits,ALL,ALL,0.03,03/01/2025
